transaction_id,sender_id,receiver_id,amount,currency,timestamp,channel
T0000001,C00101,C00107,37858.36,SEK,2026-01-01 07:42:34,card
T0000002,C00018,C00001,9326.13,SEK,2026-01-01 10:19:54,transfer
T0000003,C00071,C00054,3452.7,SEK,2026-01-01 10:35:01,card
T0000004,C00048,C00022,21107.4,SEK,2026-01-01 11:12:32,transfer
T0000005,C00037,C00087,7640.34,SEK,2026-01-01 12:42:01,transfer
T0000006,C00017,C00065,10353.73,SEK,2026-01-01 13:24:54,card
T0000007,C00069,C00002,49528.34,SEK,2026-01-01 21:30:59,transfer
T0000008,C00025,C00037,18420.78,SEK,2026-01-01 21:40:42,transfer
T0000009,C00077,C00046,16809.63,SEK,2026-01-01 22:59:58,transfer
T0000010,C00015,C00079,12069.7,SEK,2026-01-02 00:47:41,transfer
T0000011,C00088,C00099,23805.33,SEK,2026-01-02 01:29:50,card
T0000012,C00079,C00022,6701.49,SEK,2026-01-02 03:14:20,transfer
T0000013,C00002,C00050,7042.38,SEK,2026-01-02 08:02:32,card
T0000014,C00008,C00066,7744.06,SEK,2026-01-02 08:53:30,transfer
T0000015,C00109,C00002,36207.47,SEK,2026-01-02 10:06:51,transfer
T0000016,C00116,C00059,10317.39,SEK,2026-01-02 10:08:08,card
T0000017,C00025,C00083,15219.61,SEK,2026-01-02 10:37:17,transfer
T0000018,C00080,C00056,6007.27,SEK,2026-01-02 13:48:59,transfer
T0000019,C00026,C00120,2573.27,SEK,2026-01-02 14:12:16,transfer
T0000020,C00053,C00107,8680.56,SEK,2026-01-02 14:22:34,card
T0000021,C00071,C00060,3700.23,SEK,2026-01-02 15:21:35,transfer
T0000022,C00063,C00072,44080.06,SEK,2026-01-02 15:52:46,transfer
T0000023,C00072,C00098,45241.64,SEK,2026-01-02 16:49:50,transfer
T0000024,C00106,C00005,2708.86,SEK,2026-01-02 20:01:02,card
T0000025,C00016,C00115,80300.43,SEK,2026-01-02 20:24:32,transfer
T0000026,C00048,C00116,3912.62,SEK,2026-01-02 20:51:10,transfer
T0000027,C00080,C00023,3473.63,SEK,2026-01-03 01:34:56,transfer
T0000028,C00054,C00077,27120.35,SEK,2026-01-03 04:57:42,transfer
T0000029,C00030,C00118,1724.07,SEK,2026-01-03 07:14:32,transfer
T0000030,C00012,C00054,34840.72,SEK,2026-01-03 11:24:48,transfer
T0000031,C00108,C00047,48696.08,SEK,2026-01-03 14:07:10,card
T0000032,C00098,C00063,34347.95,SEK,2026-01-03 18:15:58,transfer
T0000033,C00075,C00060,3289.52,SEK,2026-01-03 18:18:21,card
T0000034,C00047,C00017,21749.91,SEK,2026-01-03 20:19:40,transfer
T0000035,C00061,C00013,10119.46,SEK,2026-01-03 21:38:12,card
T0000036,C00109,C00080,12031.13,SEK,2026-01-03 23:41:54,card
T0000037,C00049,C00060,26990.24,SEK,2026-01-04 01:15:24,transfer
T0000038,C00042,C00072,7202.2,SEK,2026-01-04 01:45:22,card
T0000039,C00027,C00083,11760.65,SEK,2026-01-04 02:14:49,transfer
T0000040,C00022,C00012,47347.38,SEK,2026-01-04 03:14:35,transfer
T0000041,C00118,C00108,23527.86,SEK,2026-01-04 07:07:23,transfer
T0000042,C00026,C00086,4040.56,SEK,2026-01-04 07:12:32,transfer
T0000043,C00059,C00084,17026.53,SEK,2026-01-04 13:33:39,transfer
T0000044,C00001,C00031,16813.36,SEK,2026-01-04 15:10:53,transfer
T0000045,C00070,C00002,39886.2,SEK,2026-01-04 16:57:21,transfer
T0000046,C00100,C00001,9842.85,SEK,2026-01-04 17:47:34,transfer
T0000047,C00072,C00010,16678.79,SEK,2026-01-04 22:04:06,card
T0000048,C00037,C00087,6152.43,SEK,2026-01-04 22:22:23,transfer
T0000049,C00012,C00022,37840.08,SEK,2026-01-04 22:24:38,transfer
T0000050,C00007,C00009,11921.49,SEK,2026-01-04 23:02:39,transfer
T0000051,C00049,C00098,18973.14,SEK,2026-01-05 00:08:55,transfer
T0000052,C00050,C00057,13737.14,SEK,2026-01-05 08:22:05,transfer
T0000053,C00057,C00011,10924.19,SEK,2026-01-05 09:45:36,transfer
T0000054,C00054,C00022,15570.03,SEK,2026-01-05 10:34:27,transfer
T0000055,C00061,C00108,8389.17,SEK,2026-01-05 17:59:51,transfer
T0000056,C00102,C00014,2313.71,SEK,2026-01-05 20:06:57,transfer
T0000057,C00088,C00070,22443.64,SEK,2026-01-05 22:28:35,card
T0000058,C00083,C00085,16832.4,SEK,2026-01-05 22:45:27,transfer
T0000059,C00023,C00052,11023.36,SEK,2026-01-06 00:27:30,card
T0000060,C00007,C00009,3433.03,SEK,2026-01-06 01:14:31,transfer
T0000061,C00077,C00012,24578.38,SEK,2026-01-06 02:01:57,transfer
T0000062,C00057,C00006,7891.92,SEK,2026-01-06 02:23:44,card
T0000063,C00002,C00069,29669.87,SEK,2026-01-06 03:11:43,transfer
T0000064,C00026,C00022,44997.31,SEK,2026-01-06 04:03:12,transfer
T0000065,C00053,C00034,14625.29,SEK,2026-01-06 04:42:24,card
T0000066,C00072,C00025,15898.37,SEK,2026-01-06 09:37:32,transfer
T0000067,C00068,C00008,18885.42,SEK,2026-01-06 15:29:44,card
T0000068,C00071,C00093,7100.47,SEK,2026-01-06 15:31:19,card
T0000069,C00008,C00021,85092.17,SEK,2026-01-06 19:48:15,transfer
T0000070,C00084,C00005,3939.81,SEK,2026-01-06 21:46:37,card
T0000071,C00085,C00009,8040.49,SEK,2026-01-07 00:05:38,card
T0000072,C00120,C00033,111638.01,SEK,2026-01-07 01:17:18,transfer
T0000073,C00021,C00047,81860.31,SEK,2026-01-07 04:01:51,transfer
T0000074,C00063,C00044,40614.0,SEK,2026-01-07 04:10:38,transfer
T0000075,C00102,C00061,651.82,SEK,2026-01-07 05:16:08,transfer
T0000076,C00027,C00024,11809.57,SEK,2026-01-07 05:36:38,transfer
T0000077,C00065,C00084,1152.41,SEK,2026-01-07 06:54:49,transfer
T0000078,C00083,C00068,13747.45,SEK,2026-01-07 07:18:37,transfer
T0000079,C00038,C00066,79419.24,SEK,2026-01-07 11:07:39,transfer
T0000080,C00048,C00026,37429.8,SEK,2026-01-07 13:26:13,transfer
T0000081,C00100,C00039,19670.3,SEK,2026-01-07 16:14:48,transfer
T0000082,C00043,C00034,13348.52,SEK,2026-01-07 17:08:39,transfer
T0000083,C00059,C00084,4542.17,SEK,2026-01-07 20:39:50,card
T0000084,C00002,C00050,2939.76,SEK,2026-01-08 00:20:20,transfer
T0000085,C00075,C00060,3096.95,SEK,2026-01-08 00:21:15,transfer
T0000086,C00109,C00104,27660.05,SEK,2026-01-08 00:51:55,transfer
T0000087,C00114,C00086,42498.01,SEK,2026-01-08 02:37:32,transfer
T0000088,C00019,C00115,42704.08,SEK,2026-01-08 04:06:36,transfer
T0000089,C00113,C00034,10235.41,SEK,2026-01-08 04:28:49,transfer
T0000090,C00116,C00080,10369.2,SEK,2026-01-08 08:01:20,transfer
T0000091,C00079,C00007,4223.82,SEK,2026-01-08 09:02:50,card
T0000092,C00103,C00046,15680.79,SEK,2026-01-08 13:53:24,transfer
T0000093,C00120,C00062,107898.86,SEK,2026-01-08 18:08:07,card
T0000094,C00072,C00098,24536.56,SEK,2026-01-08 19:21:52,transfer
T0000095,C00009,C00110,17199.3,SEK,2026-01-08 20:56:04,transfer
T0000096,C00098,C00047,15332.62,SEK,2026-01-08 21:06:36,transfer
T0000097,C00100,C00039,21926.37,SEK,2026-01-08 23:54:42,transfer
T0000098,C00072,C00026,10366.27,SEK,2026-01-09 01:55:54,transfer
T0000099,C00038,C00066,70196.97,SEK,2026-01-09 04:29:24,transfer
T0000100,C00074,C00040,3044.68,SEK,2026-01-09 06:12:27,card
T0000101,C00072,C00026,7455.74,SEK,2026-01-09 11:06:24,card
T0000102,C00029,C00082,15734.69,SEK,2026-01-09 13:18:42,transfer
T0000103,C00010,C00012,41860.29,SEK,2026-01-09 13:31:14,transfer
T0000104,C00010,C00064,57301.29,SEK,2026-01-09 14:41:17,card
T0000105,C00063,C00060,23938.34,SEK,2026-01-09 18:27:13,transfer
T0000106,C00049,C00039,13773.97,SEK,2026-01-09 18:42:16,card
T0000107,C00009,C00100,7076.78,SEK,2026-01-09 19:22:53,card
T0000108,C00042,C00063,50116.44,SEK,2026-01-09 19:32:19,transfer
T0000109,C00026,C00048,23917.04,SEK,2026-01-09 19:49:58,transfer
T0000110,C00077,C00029,5818.34,SEK,2026-01-09 23:08:56,transfer
T0000111,C00109,C00070,36027.4,SEK,2026-01-09 23:56:51,transfer
T0000112,C00098,C00060,25397.78,SEK,2026-01-10 01:40:28,transfer
T0000113,C00054,C00022,39814.97,SEK,2026-01-10 02:45:49,transfer
T0000114,C00012,C00022,21452.82,SEK,2026-01-10 03:19:07,transfer
T0000115,C00055,C00020,3209.17,SEK,2026-01-10 03:41:09,transfer
T0000116,C00001,C00031,14796.54,SEK,2026-01-10 05:02:16,transfer
T0000117,C00026,C00086,2104.5,SEK,2026-01-10 06:11:14,transfer
T0000118,C00095,C00006,2414.68,SEK,2026-01-10 06:16:01,transfer
T0000119,C00100,C00001,3523.15,SEK,2026-01-10 07:31:10,transfer
T0000120,C00043,C00001,2228.39,SEK,2026-01-10 09:02:36,transfer
T0000121,C00096,C00001,4504.97,SEK,2026-01-10 09:24:18,transfer
T0000122,C00014,C00001,4887.92,SEK,2026-01-10 09:41:16,transfer
T0000123,C00007,C00064,13272.58,SEK,2026-01-10 10:37:21,card
T0000124,C00106,C00001,4647.27,SEK,2026-01-10 10:58:49,transfer
T0000125,C00060,C00017,3190.78,SEK,2026-01-10 12:25:48,transfer
T0000126,C00063,C00005,46145.17,SEK,2026-01-10 12:33:28,transfer
T0000127,C00088,C00001,3032.94,SEK,2026-01-10 15:06:52,transfer
T0000128,C00087,C00054,2513.68,SEK,2026-01-10 15:07:13,transfer
T0000129,C00093,C00021,5195.79,SEK,2026-01-10 15:21:49,card
T0000130,C00077,C00048,39308.41,SEK,2026-01-10 16:32:44,transfer
T0000131,C00071,C00001,3232.79,SEK,2026-01-10 16:56:47,transfer
T0000132,C00035,C00040,12521.87,SEK,2026-01-10 19:21:23,transfer
T0000133,C00059,C00084,17571.6,SEK,2026-01-10 20:50:24,transfer
T0000134,C00119,C00001,5431.1,SEK,2026-01-10 21:07:53,transfer
T0000135,C00119,C00035,15570.83,SEK,2026-01-10 21:09:56,card
T0000136,C00105,C00001,5029.73,SEK,2026-01-11 01:32:33,transfer
T0000137,C00054,C00012,35918.48,SEK,2026-01-11 02:37:00,transfer
T0000138,C00065,C00109,1331.15,SEK,2026-01-11 02:55:55,transfer
T0000139,C00075,C00030,4814.85,SEK,2026-01-11 03:46:59,transfer
T0000140,C00038,C00001,2610.83,SEK,2026-01-11 06:17:24,transfer
T0000141,C00044,C00063,26317.57,SEK,2026-01-11 06:21:39,transfer
T0000142,C00024,C00113,7178.14,SEK,2026-01-11 06:36:11,transfer
T0000143,C00041,C00045,8477.06,SEK,2026-01-11 06:47:15,card
T0000144,C00113,C00034,13753.93,SEK,2026-01-11 07:11:52,transfer
T0000145,C00061,C00001,5049.08,SEK,2026-01-11 08:06:47,transfer
T0000146,C00116,C00059,6799.83,SEK,2026-01-11 08:15:35,transfer
T0000147,C00005,C00097,97876.07,SEK,2026-01-11 08:34:11,transfer
T0000148,C00104,C00057,17975.16,SEK,2026-01-11 08:57:44,transfer
T0000149,C00019,C00104,104072.55,SEK,2026-01-11 12:05:01,card
T0000150,C00098,C00044,30551.57,SEK,2026-01-11 12:06:05,transfer
T0000151,C00059,C00093,22272.24,SEK,2026-01-11 12:52:23,transfer
T0000152,C00041,C00001,3070.52,SEK,2026-01-11 14:04:32,transfer
T0000153,C00070,C00104,49227.46,SEK,2026-01-11 15:33:38,transfer
T0000154,C00085,C00057,8594.49,SEK,2026-01-11 18:18:12,transfer
T0000155,C00044,C00098,21124.85,SEK,2026-01-11 19:01:15,transfer
T0000156,C00028,C00042,10670.15,SEK,2026-01-11 20:01:24,transfer
T0000157,C00062,C00076,13833.8,SEK,2026-01-11 20:44:05,transfer
T0000158,C00111,C00062,17934.01,SEK,2026-01-11 21:46:22,transfer
T0000159,C00093,C00030,5133.02,SEK,2026-01-11 23:31:07,transfer
T0000160,C00058,C00046,61200.42,SEK,2026-01-11 23:47:41,card
T0000161,C00028,C00077,5943.53,SEK,2026-01-12 03:40:02,card
T0000162,C00066,C00031,87225.98,SEK,2026-01-12 05:52:27,transfer
T0000163,C00017,C00116,5199.98,SEK,2026-01-12 11:33:09,transfer
T0000164,C00001,C00058,41761.37,SEK,2026-01-12 12:08:28,transfer
T0000165,C00069,C00030,3526.11,SEK,2026-01-12 13:09:19,transfer
T0000166,C00076,C00038,5430.37,SEK,2026-01-12 16:57:02,transfer
T0000167,C00025,C00060,21732.82,SEK,2026-01-12 20:27:43,transfer
T0000168,C00012,C00026,33846.29,SEK,2026-01-12 23:59:55,transfer
T0000169,C00068,C00025,34598.35,SEK,2026-01-13 00:53:07,transfer
T0000170,C00080,C00092,11474.81,SEK,2026-01-13 04:09:58,transfer
T0000171,C00050,C00015,16509.38,SEK,2026-01-13 05:21:00,transfer
T0000172,C00072,C00060,32993.73,SEK,2026-01-13 05:22:58,transfer
T0000173,C00109,C00002,29182.06,SEK,2026-01-13 05:49:45,transfer
T0000174,C00041,C00023,2502.19,SEK,2026-01-13 07:29:35,transfer
T0000175,C00104,C00109,39090.15,SEK,2026-01-13 07:46:36,transfer
T0000176,C00076,C00115,3274.09,SEK,2026-01-13 10:51:26,transfer
T0000177,C00102,C00092,2315.59,SEK,2026-01-13 17:12:17,transfer
T0000178,C00090,C00012,38386.58,SEK,2026-01-13 18:57:07,transfer
T0000179,C00024,C00077,4956.22,SEK,2026-01-13 20:22:43,card
T0000180,C00045,C00097,11378.51,SEK,2026-01-13 22:38:24,transfer
T0000181,C00086,C00011,3976.1,SEK,2026-01-14 00:49:47,transfer
T0000182,C00030,C00072,13907.76,SEK,2026-01-14 01:10:47,transfer
T0000183,C00104,C00057,19120.47,SEK,2026-01-14 09:38:55,transfer
T0000184,C00003,C00100,6741.1,SEK,2026-01-14 10:50:56,card
T0000185,C00029,C00082,14293.81,SEK,2026-01-14 11:12:26,transfer
T0000186,C00062,C00076,4826.31,SEK,2026-01-14 13:57:10,card
T0000187,C00063,C00025,34783.67,SEK,2026-01-14 14:52:46,transfer
T0000188,C00057,C00072,3346.88,SEK,2026-01-14 16:05:57,card
T0000189,C00049,C00051,8057.65,SEK,2026-01-14 16:09:51,transfer
T0000190,C00115,C00023,111578.68,SEK,2026-01-14 17:43:03,card
T0000191,C00015,C00018,13427.61,SEK,2026-01-14 17:46:16,transfer
T0000192,C00119,C00035,9384.64,SEK,2026-01-14 21:27:50,transfer
T0000193,C00024,C00077,10715.46,SEK,2026-01-15 00:16:57,transfer
T0000194,C00072,C00044,42380.53,SEK,2026-01-15 01:01:03,transfer
T0000195,C00111,C00062,11241.61,SEK,2026-01-15 01:14:45,card
T0000196,C00035,C00040,6551.05,SEK,2026-01-15 01:22:06,transfer
T0000197,C00094,C00032,6165.91,SEK,2026-01-15 02:18:29,transfer
T0000198,C00046,C00080,3757.61,SEK,2026-01-15 02:25:33,transfer
T0000199,C00046,C00012,31484.55,SEK,2026-01-15 04:12:30,transfer
T0000200,C00076,C00099,3220.81,SEK,2026-01-15 05:21:24,transfer
T0000201,C00099,C00096,5181.34,SEK,2026-01-15 05:38:14,card
T0000202,C00094,C00105,8156.33,SEK,2026-01-15 06:15:43,transfer
T0000203,C00029,C00003,13259.1,SEK,2026-01-15 06:30:14,transfer
T0000204,C00005,C00097,22421.04,SEK,2026-01-15 06:56:15,transfer
T0000205,C00097,C00078,16970.82,SEK,2026-01-15 10:40:30,transfer
T0000206,C00103,C00102,28211.22,SEK,2026-01-15 13:29:19,transfer
T0000207,C00009,C00120,11777.65,SEK,2026-01-15 13:30:44,card
T0000208,C00003,C00038,9165.29,SEK,2026-01-15 13:31:11,card
T0000209,C00064,C00070,3069.96,SEK,2026-01-15 14:14:34,card
T0000210,C00025,C00098,8191.19,SEK,2026-01-15 14:20:18,transfer
T0000211,C00114,C00013,95084.31,SEK,2026-01-15 14:44:26,transfer
T0000212,C00071,C00093,6247.41,SEK,2026-01-15 15:41:07,transfer
T0000213,C00086,C00036,4084.81,SEK,2026-01-15 18:12:08,transfer
T0000214,C00061,C00010,6477.69,SEK,2026-01-15 19:48:17,transfer
T0000215,C00019,C00055,30120.11,SEK,2026-01-15 22:33:12,transfer
T0000216,C00080,C00007,1193.95,SEK,2026-01-16 02:20:06,transfer
T0000217,C00118,C00100,32176.31,SEK,2026-01-16 07:50:52,card
T0000218,C00032,C00010,11220.01,SEK,2026-01-16 08:21:26,transfer
T0000219,C00078,C00056,13038.72,SEK,2026-01-16 08:36:05,transfer
T0000220,C00063,C00072,34616.84,SEK,2026-01-16 09:38:40,transfer
T0000221,C00109,C00070,35215.93,SEK,2026-01-16 13:35:03,transfer
T0000222,C00108,C00066,12962.23,SEK,2026-01-16 13:39:42,card
T0000223,C00033,C00064,12108.28,SEK,2026-01-16 14:49:38,transfer
T0000224,C00017,C00114,4976.17,SEK,2026-01-16 15:38:00,card
T0000225,C00046,C00008,2064.75,SEK,2026-01-16 16:55:49,transfer
T0000226,C00107,C00041,1033.24,SEK,2026-01-16 18:24:35,transfer
T0000227,C00032,C00084,14215.06,SEK,2026-01-16 18:25:10,transfer
T0000228,C00045,C00051,9110.28,SEK,2026-01-16 18:30:11,transfer
T0000229,C00007,C00088,13587.24,SEK,2026-01-16 18:50:46,transfer
T0000230,C00074,C00100,5070.22,SEK,2026-01-16 20:45:41,transfer
T0000231,C00050,C00040,11895.71,SEK,2026-01-16 22:47:40,transfer
T0000232,C00048,C00116,3122.15,SEK,2026-01-16 23:14:49,card
T0000233,C00045,C00025,6598.4,SEK,2026-01-17 02:05:08,transfer
T0000234,C00049,C00060,32872.69,SEK,2026-01-17 03:59:22,transfer
T0000235,C00078,C00092,26839.77,SEK,2026-01-17 04:44:28,transfer
T0000236,C00016,C00048,128544.26,SEK,2026-01-17 05:55:15,transfer
T0000237,C00021,C00043,2253.82,SEK,2026-01-17 06:17:50,transfer
T0000238,C00035,C00096,11136.71,SEK,2026-01-17 08:22:44,transfer
T0000239,C00042,C00063,34051.13,SEK,2026-01-17 08:41:04,transfer
T0000240,C00089,C00049,11948.46,SEK,2026-01-17 13:01:45,transfer
T0000241,C00106,C00099,4635.5,SEK,2026-01-17 17:26:05,transfer
T0000242,C00063,C00005,33145.69,SEK,2026-01-17 18:17:50,transfer
T0000243,C00062,C00025,2387.69,SEK,2026-01-17 20:32:37,transfer
T0000244,C00104,C00096,44076.35,SEK,2026-01-17 21:06:46,transfer
T0000245,C00028,C00042,10921.49,SEK,2026-01-17 23:49:00,transfer
T0000246,C00011,C00060,7861.93,SEK,2026-01-18 00:49:50,transfer
T0000247,C00001,C00031,2877.06,SEK,2026-01-18 01:28:41,card
T0000248,C00068,C00064,29370.83,SEK,2026-01-18 03:59:27,card
T0000249,C00094,C00105,12344.8,SEK,2026-01-18 04:15:49,card
T0000250,C00102,C00070,2723.37,SEK,2026-01-18 06:30:43,transfer
T0000251,C00106,C00023,4399.93,SEK,2026-01-18 07:22:18,transfer
T0000252,C00069,C00104,38284.73,SEK,2026-01-18 07:25:30,transfer
T0000253,C00079,C00028,22188.21,SEK,2026-01-18 07:35:26,transfer
T0000254,C00022,C00026,25356.46,SEK,2026-01-18 07:53:11,transfer
T0000255,C00035,C00033,25734.87,SEK,2026-01-18 08:30:02,transfer
T0000256,C00005,C00034,35030.82,SEK,2026-01-18 10:24:27,transfer
T0000257,C00058,C00078,107275.53,SEK,2026-01-18 11:50:58,card
T0000258,C00011,C00039,8608.21,SEK,2026-01-18 14:07:59,card
T0000259,C00011,C00060,6314.11,SEK,2026-01-18 15:46:20,transfer
T0000260,C00034,C00022,96270.03,SEK,2026-01-18 15:59:59,card
T0000261,C00050,C00057,8436.42,SEK,2026-01-18 16:19:28,transfer
T0000262,C00059,C00084,8177.47,SEK,2026-01-18 19:03:36,transfer
T0000263,C00083,C00025,7393.04,SEK,2026-01-18 20:21:50,transfer
T0000264,C00061,C00091,10599.85,SEK,2026-01-18 21:55:26,transfer
T0000265,C00071,C00093,5078.22,SEK,2026-01-19 00:17:12,transfer
T0000266,C00058,C00030,99767.03,SEK,2026-01-19 01:06:03,transfer
T0000267,C00058,C00119,44235.29,SEK,2026-01-19 02:51:42,transfer
T0000268,C00087,C00054,4276.06,SEK,2026-01-19 04:01:49,card
T0000269,C00010,C00012,56844.66,SEK,2026-01-19 04:23:45,transfer
T0000270,C00009,C00028,5916.53,SEK,2026-01-19 06:49:35,transfer
T0000271,C00048,C00035,3395.22,SEK,2026-01-19 06:55:24,transfer
T0000272,C00030,C00094,18734.14,SEK,2026-01-19 09:18:30,transfer
T0000273,C00013,C00036,21354.36,SEK,2026-01-19 10:45:39,transfer
T0000274,C00070,C00091,2397.61,SEK,2026-01-19 12:21:20,card
T0000275,C00037,C00016,2543.28,SEK,2026-01-19 12:53:34,card
T0000276,C00056,C00094,11666.25,SEK,2026-01-19 16:12:48,transfer
T0000277,C00109,C00057,26026.2,SEK,2026-01-19 17:46:53,transfer
T0000278,C00113,C00080,11397.4,SEK,2026-01-19 19:28:02,transfer
T0000279,C00026,C00077,49322.86,SEK,2026-01-19 20:11:46,transfer
T0000280,C00107,C00041,1295.22,SEK,2026-01-19 20:33:23,transfer
T0000281,C00093,C00025,7196.78,SEK,2026-01-19 20:57:19,card
T0000282,C00069,C00070,40891.89,SEK,2026-01-19 21:22:53,transfer
T0000283,C00109,C00057,45648.49,SEK,2026-01-19 23:38:40,transfer
T0000284,C00084,C00094,4092.05,SEK,2026-01-20 00:45:45,transfer
T0000285,C00049,C00084,2277.44,SEK,2026-01-20 02:03:57,transfer
T0000286,C00095,C00005,1841.41,SEK,2026-01-20 07:19:30,transfer
T0000287,C00113,C00080,9393.0,SEK,2026-01-20 09:55:46,card
T0000288,C00013,C00071,10382.12,SEK,2026-01-20 14:37:26,card
T0000289,C00069,C00070,35044.86,SEK,2026-01-20 20:07:11,transfer
T0000290,C00110,C00009,1433.71,SEK,2026-01-20 20:10:57,transfer
T0000291,C00055,C00068,4106.53,SEK,2026-01-20 20:43:49,transfer
T0000292,C00103,C00100,19932.95,SEK,2026-01-20 21:21:17,card
T0000293,C00005,C00085,40875.28,SEK,2026-01-20 21:38:01,transfer
T0000294,C00046,C00022,22757.09,SEK,2026-01-20 23:08:42,transfer
T0000295,C00108,C00011,52814.34,SEK,2026-01-21 00:03:52,transfer
T0000296,C00026,C00108,5719.23,SEK,2026-01-21 03:11:23,card
T0000297,C00085,C00008,15419.0,SEK,2026-01-21 08:49:57,transfer
T0000298,C00088,C00115,44296.36,SEK,2026-01-21 10:31:30,transfer
T0000299,C00115,C00120,112576.55,SEK,2026-01-21 12:35:31,card
T0000300,C00106,C00020,3517.91,SEK,2026-01-21 13:00:19,transfer
T0000301,C00101,C00004,25461.27,SEK,2026-01-21 14:28:32,card
T0000302,C00043,C00105,9420.71,SEK,2026-01-21 15:05:29,transfer
T0000303,C00030,C00094,14093.64,SEK,2026-01-21 15:13:37,transfer
T0000304,C00084,C00094,1450.45,SEK,2026-01-21 15:31:58,transfer
T0000305,C00109,C00002,22778.92,SEK,2026-01-21 15:33:47,transfer
T0000306,C00084,C00094,3429.43,SEK,2026-01-21 19:29:08,transfer
T0000307,C00114,C00057,73787.9,SEK,2026-01-21 20:02:06,transfer
T0000308,C00050,C00057,18050.17,SEK,2026-01-21 20:19:05,transfer
T0000309,C00087,C00054,4208.16,SEK,2026-01-21 20:30:15,transfer
T0000310,C00096,C00025,12945.75,SEK,2026-01-21 21:11:29,transfer
T0000311,C00093,C00096,8793.12,SEK,2026-01-21 22:30:49,transfer
T0000312,C00077,C00026,29007.95,SEK,2026-01-21 22:39:31,transfer
T0000313,C00011,C00039,2626.06,SEK,2026-01-22 00:31:23,transfer
T0000314,C00060,C00017,7142.81,SEK,2026-01-22 01:15:45,transfer
T0000315,C00072,C00063,46799.28,SEK,2026-01-22 04:01:13,transfer
T0000316,C00077,C00022,30102.46,SEK,2026-01-22 08:14:13,transfer
T0000317,C00106,C00107,4509.35,SEK,2026-01-22 08:42:53,transfer
T0000318,C00002,C00070,39520.45,SEK,2026-01-22 10:30:29,transfer
T0000319,C00039,C00059,12252.28,SEK,2026-01-22 13:03:36,transfer
T0000320,C00025,C00060,26342.26,SEK,2026-01-22 14:39:55,transfer
T0000321,C00116,C00080,7645.75,SEK,2026-01-22 16:31:10,transfer
T0000322,C00100,C00039,19003.11,SEK,2026-01-22 17:35:14,transfer
T0000323,C00053,C00107,10391.55,SEK,2026-01-22 18:21:22,transfer
T0000324,C00075,C00048,48118.07,SEK,2026-01-23 00:04:08,transfer
T0000325,C00026,C00093,4852.05,SEK,2026-01-23 00:36:29,transfer
T0000326,C00020,C00016,1199.77,SEK,2026-01-23 03:35:59,transfer
T0000327,C00110,C00084,166.31,SEK,2026-01-23 07:13:06,transfer
T0000328,C00076,C00115,2464.69,SEK,2026-01-23 08:18:40,card
T0000329,C00043,C00076,7952.03,SEK,2026-01-23 09:16:41,transfer
T0000330,C00048,C00087,45443.76,SEK,2026-01-23 09:32:54,transfer
T0000331,C00088,C00099,22101.84,SEK,2026-01-23 10:35:05,transfer
T0000332,C00012,C00106,24823.94,SEK,2026-01-23 12:07:54,transfer
T0000333,C00096,C00033,2833.43,SEK,2026-01-23 12:24:01,transfer
T0000334,C00113,C00034,11454.03,SEK,2026-01-23 12:47:42,transfer
T0000335,C00026,C00086,3187.14,SEK,2026-01-23 12:59:22,transfer
T0000336,C00070,C00005,4036.75,SEK,2026-01-23 16:11:29,transfer
T0000337,C00102,C00014,1086.91,SEK,2026-01-23 18:27:49,transfer
T0000338,C00080,C00051,6717.0,SEK,2026-01-23 18:51:48,card
T0000339,C00063,C00001,16331.74,SEK,2026-01-23 19:13:01,transfer
T0000340,C00087,C00099,4192.94,SEK,2026-01-23 21:21:35,transfer
T0000341,C00113,C00034,9915.69,SEK,2026-01-24 00:12:56,transfer
T0000342,C00009,C00017,10168.85,SEK,2026-01-24 02:28:36,transfer
T0000343,C00017,C00065,8883.88,SEK,2026-01-24 05:17:09,transfer
T0000344,C00010,C00062,31913.64,SEK,2026-01-24 10:50:31,card
T0000345,C00034,C00055,135806.74,SEK,2026-01-24 11:14:28,transfer
T0000346,C00115,C00023,154161.38,SEK,2026-01-24 15:05:55,card
T0000347,C00057,C00070,42913.08,SEK,2026-01-24 15:59:46,transfer
T0000348,C00069,C00055,18279.6,SEK,2026-01-24 17:47:21,transfer
T0000349,C00099,C00034,9104.45,SEK,2026-01-25 01:41:47,transfer
T0000350,C00100,C00116,71306.22,SEK,2026-01-25 04:01:35,transfer
T0000351,C00105,C00026,9943.35,SEK,2026-01-25 06:53:41,transfer
T0000352,C00096,C00104,33487.08,SEK,2026-01-25 09:03:14,transfer
T0000353,C00064,C00070,3696.81,SEK,2026-01-25 12:16:29,transfer
T0000354,C00090,C00104,47765.51,SEK,2026-01-25 12:40:56,transfer
T0000355,C00026,C00022,27687.71,SEK,2026-01-25 15:18:45,transfer
T0000356,C00117,C00109,8859.5,SEK,2026-01-25 15:25:43,card
T0000357,C00066,C00031,38948.5,SEK,2026-01-25 15:26:07,card
T0000358,C00107,C00112,538.49,SEK,2026-01-25 15:45:49,transfer
T0000359,C00073,C00064,11955.85,SEK,2026-01-25 16:15:48,card
T0000360,C00113,C00080,13020.7,SEK,2026-01-25 16:56:26,transfer
T0000361,C00053,C00001,6914.58,SEK,2026-01-25 18:01:46,transfer
T0000362,C00104,C00038,10144.11,SEK,2026-01-25 19:42:21,transfer
T0000363,C00116,C00076,67365.01,SEK,2026-01-25 21:40:31,transfer
T0000364,C00115,C00023,51596.0,SEK,2026-01-26 02:09:57,transfer
T0000365,C00034,C00022,124247.06,SEK,2026-01-26 02:55:37,transfer
T0000366,C00067,C00004,30851.15,SEK,2026-01-26 08:29:25,transfer
T0000367,C00025,C00098,7619.03,SEK,2026-01-26 08:35:48,transfer
T0000368,C00077,C00024,6128.18,SEK,2026-01-26 08:46:37,transfer
T0000369,C00035,C00038,24290.63,SEK,2026-01-26 09:54:22,transfer
T0000370,C00012,C00022,31235.55,SEK,2026-01-26 17:40:15,transfer
T0000371,C00036,C00053,15464.27,SEK,2026-01-26 18:29:01,transfer
T0000372,C00074,C00040,5451.59,SEK,2026-01-26 20:45:37,transfer
T0000373,C00028,C00002,779.23,SEK,2026-01-26 21:02:57,transfer
T0000374,C00092,C00070,4758.39,SEK,2026-01-26 21:56:54,transfer
T0000375,C00107,C00112,1001.93,SEK,2026-01-27 00:51:54,transfer
T0000376,C00116,C00080,10897.55,SEK,2026-01-27 01:06:30,transfer
T0000377,C00108,C00077,16085.85,SEK,2026-01-27 03:17:20,card
T0000378,C00033,C00114,11731.66,SEK,2026-01-27 03:54:48,transfer
T0000379,C00072,C00096,6250.67,SEK,2026-01-27 04:29:04,transfer
T0000380,C00058,C00119,112415.33,SEK,2026-01-27 04:41:25,transfer
T0000381,C00026,C00086,678.08,SEK,2026-01-27 05:43:47,transfer
T0000382,C00083,C00043,19247.28,SEK,2026-01-27 06:13:19,transfer
T0000383,C00111,C00062,32483.64,SEK,2026-01-27 06:50:49,transfer
T0000384,C00110,C00090,1047.77,SEK,2026-01-27 07:58:39,transfer
T0000385,C00094,C00099,11577.43,SEK,2026-01-27 11:13:53,transfer
T0000386,C00054,C00014,8209.19,SEK,2026-01-27 13:43:57,transfer
T0000387,C00006,C00074,24030.94,SEK,2026-01-27 16:11:17,transfer
T0000388,C00069,C00104,15785.32,SEK,2026-01-27 17:03:57,transfer
T0000389,C00063,C00025,18817.8,SEK,2026-01-27 17:08:32,transfer
T0000390,C00023,C00034,11609.83,SEK,2026-01-27 21:23:32,transfer
T0000391,C00040,C00018,5406.86,SEK,2026-01-27 22:30:49,transfer
T0000392,C00026,C00012,35907.29,SEK,2026-01-27 23:41:52,transfer
T0000393,C00049,C00053,12046.41,SEK,2026-01-28 00:10:58,transfer
T0000394,C00098,C00035,11262.43,SEK,2026-01-28 00:36:27,card
T0000395,C00089,C00049,13302.53,SEK,2026-01-28 03:48:35,transfer
T0000396,C00118,C00108,17408.9,SEK,2026-01-28 05:39:53,transfer
T0000397,C00044,C00098,21313.21,SEK,2026-01-28 06:30:54,transfer
T0000398,C00075,C00060,6068.91,SEK,2026-01-28 06:50:09,transfer
T0000399,C00014,C00097,2205.87,SEK,2026-01-28 07:33:00,transfer
T0000400,C00060,C00081,5087.8,SEK,2026-01-28 07:47:23,transfer
T0000401,C00033,C00120,13626.61,SEK,2026-01-28 07:56:28,transfer
T0000402,C00037,C00087,11571.12,SEK,2026-01-28 08:25:54,transfer
T0000403,C00116,C00054,3421.24,SEK,2026-01-28 11:28:33,transfer
T0000404,C00069,C00055,2226.82,SEK,2026-01-28 12:24:52,transfer
T0000405,C00085,C00022,7095.07,SEK,2026-01-28 13:47:08,transfer
T0000406,C00062,C00050,8206.87,SEK,2026-01-28 18:30:27,transfer
T0000407,C00109,C00036,5101.04,SEK,2026-01-28 18:44:14,card
T0000408,C00020,C00042,24194.84,SEK,2026-01-28 20:27:21,transfer
T0000409,C00057,C00101,7201.8,SEK,2026-01-28 20:39:50,transfer
T0000410,C00107,C00042,1684.44,SEK,2026-01-28 23:02:37,card
T0000411,C00043,C00105,6578.49,SEK,2026-01-29 00:18:54,card
T0000412,C00030,C00027,10365.49,SEK,2026-01-29 02:49:27,transfer
T0000413,C00056,C00107,18331.08,SEK,2026-01-29 04:10:03,transfer
T0000414,C00087,C00054,6066.7,SEK,2026-01-29 05:02:10,transfer
T0000415,C00012,C00026,49405.68,SEK,2026-01-29 05:47:04,transfer
T0000416,C00105,C00103,3600.83,SEK,2026-01-29 06:20:25,card
T0000417,C00082,C00022,777.79,SEK,2026-01-29 07:18:31,transfer
T0000418,C00111,C00062,25357.95,SEK,2026-01-29 09:56:50,transfer
T0000419,C00017,C00065,3972.27,SEK,2026-01-29 15:54:37,transfer
T0000420,C00005,C00085,74671.87,SEK,2026-01-29 17:12:26,transfer
T0000421,CASH,C00051,8985.71,SEK,2026-01-29 18:39:31,cash_deposit
T0000422,CASH,C00031,8558.67,SEK,2026-01-29 22:16:28,cash_deposit
T0000423,C00046,C00044,6754.63,SEK,2026-01-29 22:32:35,transfer
T0000424,C00079,C00028,5201.24,SEK,2026-01-29 23:32:06,transfer
T0000425,C00059,C00084,19295.03,SEK,2026-01-30 04:25:34,card
T0000426,C00027,C00083,2065.93,SEK,2026-01-30 05:44:25,card
T0000427,C00085,C00007,14992.39,SEK,2026-01-30 06:03:56,card
T0000428,C00051,C00017,16844.8,SEK,2026-01-30 07:32:16,transfer
T0000429,C00038,C00094,110812.23,SEK,2026-01-30 09:36:52,card
T0000430,C00093,C00008,5028.58,SEK,2026-01-30 12:04:25,card
T0000431,C00070,C00057,15580.65,SEK,2026-01-30 13:32:28,transfer
T0000432,C00054,C00027,20008.16,SEK,2026-01-30 15:36:47,transfer
T0000433,CASH,C00031,9324.84,SEK,2026-01-30 15:43:15,cash_deposit
T0000434,C00061,C00013,14023.94,SEK,2026-01-30 16:48:13,transfer
T0000435,CASH,C00051,9136.85,SEK,2026-01-30 18:19:13,cash_deposit
T0000436,C00006,C00019,216311.62,SEK,2026-01-30 18:35:25,transfer
T0000437,C00063,C00081,17006.79,SEK,2026-01-30 19:14:40,transfer
T0000438,C00012,C00026,24029.05,SEK,2026-01-30 19:33:33,transfer
T0000439,C00059,C00084,18351.44,SEK,2026-01-30 20:19:21,transfer
T0000440,CASH,C00031,9538.66,SEK,2026-01-30 20:29:42,cash_deposit
T0000441,C00019,C00085,58756.27,SEK,2026-01-30 21:12:23,transfer
T0000442,C00119,C00065,13295.76,SEK,2026-01-30 23:53:49,transfer
T0000443,C00037,C00087,8084.83,SEK,2026-01-31 00:30:53,transfer
T0000444,C00016,C00092,57307.96,SEK,2026-01-31 00:50:21,transfer
T0000445,C00094,C00032,6048.22,SEK,2026-01-31 00:55:06,transfer
T0000446,CASH,C00031,8690.13,SEK,2026-01-31 00:55:24,cash_deposit
T0000447,C00019,C00055,82554.8,SEK,2026-01-31 01:11:33,transfer
T0000448,C00104,C00070,35393.22,SEK,2026-01-31 02:14:19,transfer
T0000449,C00024,C00010,15776.26,SEK,2026-01-31 02:32:20,card
T0000450,CASH,C00031,8805.31,SEK,2026-01-31 06:27:07,cash_deposit
T0000451,C00096,C00025,4954.36,SEK,2026-01-31 06:29:56,card
T0000452,CASH,C00031,9059.59,SEK,2026-01-31 09:52:07,cash_deposit
T0000453,CASH,C00031,9019.37,SEK,2026-01-31 10:07:42,cash_deposit
T0000454,C00012,C00077,35800.62,SEK,2026-01-31 10:43:15,transfer
T0000455,CASH,C00031,8895.14,SEK,2026-01-31 11:03:08,cash_deposit
T0000456,C00109,C00051,17475.79,SEK,2026-01-31 11:51:29,transfer
T0000457,C00022,C00016,10445.21,SEK,2026-01-31 11:54:04,card
T0000458,C00060,C00025,37899.64,SEK,2026-01-31 13:45:59,transfer
T0000459,CASH,C00051,8534.88,SEK,2026-01-31 15:16:28,cash_deposit
T0000460,CASH,C00051,9609.2,SEK,2026-01-31 16:15:33,cash_deposit
T0000461,C00070,C00002,22148.75,SEK,2026-01-31 23:37:13,transfer
T0000462,C00061,C00067,8566.85,SEK,2026-01-31 23:43:46,card
T0000463,C00021,C00001,2330.31,SEK,2026-02-01 01:01:50,transfer
T0000464,C00112,C00055,16166.46,SEK,2026-02-01 04:59:53,transfer
T0000465,C00010,C00041,20565.62,SEK,2026-02-01 05:02:54,transfer
T0000466,C00064,C00039,11045.28,SEK,2026-02-01 06:02:58,card
T0000467,C00058,C00119,71017.71,SEK,2026-02-01 07:34:07,transfer
T0000468,C00061,C00013,14565.83,SEK,2026-02-01 10:16:15,card
T0000469,C00050,C00057,12344.86,SEK,2026-02-01 10:47:37,card
T0000470,C00066,C00069,30292.76,SEK,2026-02-01 11:23:53,card
T0000471,C00044,C00097,4565.01,SEK,2026-02-01 12:55:42,transfer
T0000472,C00096,C00109,44197.0,SEK,2026-02-01 13:10:45,transfer
T0000473,C00050,C00113,9942.84,SEK,2026-02-01 19:43:01,transfer
T0000474,C00062,C00069,8451.69,SEK,2026-02-01 20:01:21,transfer
T0000475,C00032,C00031,16879.15,SEK,2026-02-01 20:18:17,card
T0000476,C00104,C00017,9040.15,SEK,2026-02-01 22:13:26,card
T0000477,C00014,C00097,2829.33,SEK,2026-02-01 22:15:06,card
T0000478,C00021,C00045,1068.27,SEK,2026-02-01 23:01:37,transfer
T0000479,C00052,C00104,14611.41,SEK,2026-02-01 23:14:19,transfer
T0000480,C00013,C00010,27064.51,SEK,2026-02-01 23:49:18,transfer
T0000481,C00037,C00087,5668.05,SEK,2026-02-02 04:54:13,transfer
T0000482,C00047,C00048,4555.97,SEK,2026-02-02 04:56:40,transfer
T0000483,C00033,C00113,9506.64,SEK,2026-02-02 06:08:07,card
T0000484,C00004,C00078,2065.81,SEK,2026-02-02 06:31:19,transfer
T0000485,C00104,C00120,14778.18,SEK,2026-02-02 08:26:13,transfer
T0000486,CASH,C00007,9025.71,SEK,2026-02-02 10:18:11,cash_deposit
T0000487,C00105,C00103,6721.43,SEK,2026-02-02 10:55:34,transfer
T0000488,C00077,C00080,6486.78,SEK,2026-02-02 12:03:55,transfer
T0000489,C00069,C00070,34634.44,SEK,2026-02-02 13:17:47,transfer
T0000490,C00094,C00105,14608.71,SEK,2026-02-02 13:49:52,card
T0000491,C00092,C00070,1467.79,SEK,2026-02-02 17:02:46,transfer
T0000492,C00099,C00096,3141.6,SEK,2026-02-02 18:43:49,transfer
T0000493,C00022,C00077,35961.76,SEK,2026-02-02 19:20:14,transfer
T0000494,C00053,C00020,9739.91,SEK,2026-02-02 19:54:44,transfer
T0000495,C00031,C00095,1252.94,SEK,2026-02-02 23:58:50,transfer
T0000496,C00053,C00017,12560.7,SEK,2026-02-03 00:33:32,card
T0000497,C00097,C00078,23034.35,SEK,2026-02-03 02:11:03,transfer
T0000498,C00009,C00099,11385.38,SEK,2026-02-03 02:55:57,transfer
T0000499,CASH,C00007,8516.29,SEK,2026-02-03 03:11:03,cash_deposit
T0000500,C00095,C00005,2095.13,SEK,2026-02-03 03:38:32,transfer
T0000501,C00107,C00042,1046.3,SEK,2026-02-03 04:53:13,transfer
T0000502,C00107,C00041,633.89,SEK,2026-02-03 05:52:11,transfer
T0000503,C00003,C00082,10415.89,SEK,2026-02-03 09:01:20,card
T0000504,C00022,C00120,11034.46,SEK,2026-02-03 09:10:04,card
T0000505,CASH,C00007,8988.24,SEK,2026-02-03 09:41:29,cash_deposit
T0000506,C00011,C00039,3862.19,SEK,2026-02-03 11:24:43,transfer
T0000507,C00040,C00076,5277.33,SEK,2026-02-03 11:32:28,transfer
T0000508,CASH,C00007,8585.12,SEK,2026-02-03 12:42:38,cash_deposit
T0000509,C00046,C00026,18636.01,SEK,2026-02-03 14:11:59,transfer
T0000510,CASH,C00007,8840.15,SEK,2026-02-03 17:24:54,cash_deposit
T0000511,C00007,C00009,8922.46,SEK,2026-02-03 18:20:34,transfer
T0000512,C00048,C00074,3936.13,SEK,2026-02-03 20:08:33,transfer
T0000513,C00096,C00057,20201.29,SEK,2026-02-03 20:11:48,transfer
T0000514,C00063,C00108,13061.16,SEK,2026-02-03 22:41:42,transfer
T0000515,C00012,C00022,49183.09,SEK,2026-02-03 23:16:31,transfer
T0000516,C00088,C00099,21556.58,SEK,2026-02-04 00:43:19,transfer
T0000517,CASH,C00007,9450.95,SEK,2026-02-04 04:11:38,cash_deposit
T0000518,C00082,C00011,711.68,SEK,2026-02-04 04:59:25,transfer
T0000519,C00087,C00054,4134.6,SEK,2026-02-04 06:14:56,transfer
T0000520,C00060,C00072,38868.35,SEK,2026-02-04 07:39:47,transfer
T0000521,C00110,C00053,1315.85,SEK,2026-02-04 08:48:24,transfer
T0000522,C00098,C00063,17970.55,SEK,2026-02-04 08:49:52,transfer
T0000523,C00070,C00005,5866.85,SEK,2026-02-04 10:26:22,transfer
T0000524,C00091,C00090,3045.13,SEK,2026-02-04 12:14:24,transfer
T0000525,C00067,C00092,44121.82,SEK,2026-02-04 14:09:16,transfer
T0000526,C00015,C00079,15128.37,SEK,2026-02-04 15:50:20,transfer
T0000527,C00032,C00084,19512.05,SEK,2026-02-04 17:01:05,transfer
T0000528,C00029,C00105,11294.97,SEK,2026-02-04 21:50:10,transfer
T0000529,C00112,C00014,12983.27,SEK,2026-02-04 22:03:41,card
T0000530,C00035,C00002,18717.64,SEK,2026-02-05 02:15:33,transfer
T0000531,C00065,C00084,652.3,SEK,2026-02-05 05:56:47,transfer
T0000532,C00013,C00119,19606.5,SEK,2026-02-05 07:47:05,transfer
T0000533,C00082,C00011,1951.64,SEK,2026-02-05 11:06:07,transfer
T0000534,C00087,C00054,5633.6,SEK,2026-02-05 11:55:45,transfer
T0000535,C00025,C00049,26628.59,SEK,2026-02-05 13:24:50,transfer
T0000536,C00027,C00083,8856.85,SEK,2026-02-05 17:37:53,transfer
T0000537,C00002,C00069,26827.84,SEK,2026-02-05 19:38:10,transfer
T0000538,C00068,C00025,22449.26,SEK,2026-02-06 00:18:03,transfer
T0000539,C00047,C00048,19214.03,SEK,2026-02-06 01:49:23,transfer
T0000540,C00071,C00007,9140.57,SEK,2026-02-06 04:16:57,card
T0000541,C00104,C00017,10439.31,SEK,2026-02-06 04:22:46,transfer
T0000542,C00021,C00098,2551.63,SEK,2026-02-06 05:22:52,card
T0000543,C00075,C00048,51855.69,SEK,2026-02-06 09:34:18,transfer
T0000544,C00002,C00050,6914.28,SEK,2026-02-06 10:44:33,transfer
T0000545,C00044,C00001,9629.17,SEK,2026-02-06 10:45:36,transfer
T0000546,C00099,C00096,8103.95,SEK,2026-02-06 10:57:01,transfer
T0000547,C00051,C00017,11254.27,SEK,2026-02-06 12:34:11,transfer
T0000548,C00056,C00094,13350.61,SEK,2026-02-06 12:58:12,transfer
T0000549,C00017,C00065,4698.24,SEK,2026-02-06 13:01:22,transfer
T0000550,C00082,C00011,1517.4,SEK,2026-02-06 13:15:40,transfer
T0000551,C00048,C00087,48621.42,SEK,2026-02-06 13:50:06,transfer
T0000552,C00022,C00012,27025.9,SEK,2026-02-06 17:53:50,transfer
T0000553,C00002,C00110,11838.47,SEK,2026-02-06 19:25:44,transfer
T0000554,C00029,C00004,10948.93,SEK,2026-02-06 22:30:09,transfer
T0000555,C00104,C00057,47062.25,SEK,2026-02-06 22:39:53,transfer
T0000556,C00113,C00080,50,SEK,2026-02-07 01:22:49,transfer
T0000557,C00096,C00104,19591.01,SEK,2026-02-07 04:45:38,transfer
T0000558,C00057,C00011,4595.48,SEK,2026-02-07 07:43:58,transfer
T0000559,C00016,C00093,66999.23,SEK,2026-02-07 09:40:39,card
T0000560,C00091,C00061,3477.25,SEK,2026-02-07 14:05:49,transfer
T0000561,C00002,C00011,14583.27,SEK,2026-02-07 14:32:45,transfer
T0000562,C00104,C00070,19339.02,SEK,2026-02-07 15:13:17,transfer
T0000563,C00013,C00119,16136.94,SEK,2026-02-07 16:08:17,transfer
T0000564,C00081,C00098,12339.55,SEK,2026-02-07 19:23:14,transfer
T0000565,C00056,C00094,6921.01,SEK,2026-02-07 19:40:28,transfer
T0000566,C00027,C00083,11375.4,SEK,2026-02-07 20:14:44,transfer
T0000567,C00098,C00047,24528.05,SEK,2026-02-07 20:15:56,card
T0000568,C00069,C00030,1172.75,SEK,2026-02-07 21:24:02,transfer
T0000569,C00070,C00104,29905.09,SEK,2026-02-07 22:03:59,transfer
T0000570,C00016,C00092,127165.9,SEK,2026-02-08 00:21:33,transfer
T0000571,C00039,C00118,4238.81,SEK,2026-02-08 01:38:12,card
T0000572,C00002,C00110,6284.62,SEK,2026-02-08 03:18:37,transfer
T0000573,C00068,C00025,30481.5,SEK,2026-02-08 03:38:59,transfer
T0000574,C00060,C00017,3598.16,SEK,2026-02-08 03:50:45,transfer
T0000575,C00110,C00053,1510.23,SEK,2026-02-08 06:08:24,card
T0000576,C00040,C00080,9835.9,SEK,2026-02-08 06:57:35,transfer
T0000577,C00004,C00011,2851.49,SEK,2026-02-08 07:35:53,transfer
T0000578,C00062,C00025,3676.89,SEK,2026-02-08 09:26:17,transfer
T0000579,C00104,C00002,32785.58,SEK,2026-02-08 10:46:46,transfer
T0000580,C00116,C00054,6607.95,SEK,2026-02-08 12:13:56,card
T0000581,C00098,C00049,35501.11,SEK,2026-02-08 16:08:31,transfer
T0000582,C00104,C00024,10117.47,SEK,2026-02-08 16:13:47,card
T0000583,C00103,C00100,25112.23,SEK,2026-02-08 18:14:15,card
T0000584,C00022,C00048,22607.04,SEK,2026-02-08 18:41:18,transfer
T0000585,C00008,C00021,71438.33,SEK,2026-02-08 20:43:37,transfer
T0000586,C00089,C00100,16291.03,SEK,2026-02-08 21:54:11,card
T0000587,C00021,C00047,67720.81,SEK,2026-02-08 22:32:08,transfer
T0000588,C00089,C00100,13083.92,SEK,2026-02-09 00:17:27,transfer
T0000589,C00114,C00013,108454.3,SEK,2026-02-09 01:30:35,card
T0000590,C00093,C00042,1365.0,SEK,2026-02-09 02:25:35,transfer
T0000591,C00070,C00091,8071.35,SEK,2026-02-09 07:13:36,card
T0000592,C00083,C00028,3192.47,SEK,2026-02-09 07:18:51,transfer
T0000593,C00038,C00028,4958.07,SEK,2026-02-09 08:30:11,transfer
T0000594,C00019,C00095,48603.75,SEK,2026-02-09 11:38:35,card
T0000595,C00043,C00028,2653.81,SEK,2026-02-09 12:10:42,transfer
T0000596,C00079,C00004,7156.27,SEK,2026-02-09 12:16:24,card
T0000597,C00056,C00094,16026.2,SEK,2026-02-09 12:28:19,card
T0000598,C00094,C00105,8142.01,SEK,2026-02-09 13:29:25,transfer
T0000599,C00033,C00064,13123.18,SEK,2026-02-09 13:37:29,card
T0000600,C00109,C00051,23414.08,SEK,2026-02-09 14:27:34,transfer
T0000601,C00112,C00028,3665.34,SEK,2026-02-09 16:38:00,transfer
T0000602,C00023,C00034,5391.72,SEK,2026-02-09 17:23:28,card
T0000603,C00073,C00027,13995.45,SEK,2026-02-09 18:09:21,card
T0000604,C00050,C00028,2794.95,SEK,2026-02-09 18:55:26,transfer
T0000605,C00036,C00053,4927.07,SEK,2026-02-09 19:55:24,transfer
T0000606,C00058,C00028,1964.03,SEK,2026-02-09 20:56:20,transfer
T0000607,C00040,C00056,8396.24,SEK,2026-02-09 21:12:58,transfer
T0000608,C00040,C00028,2884.69,SEK,2026-02-09 21:24:22,transfer
T0000609,C00115,C00003,98890.51,SEK,2026-02-09 23:46:54,transfer
T0000610,C00048,C00012,37664.91,SEK,2026-02-10 00:36:26,transfer
T0000611,C00075,C00030,6545.0,SEK,2026-02-10 01:02:39,transfer
T0000612,C00038,C00027,103423.66,SEK,2026-02-10 01:21:23,transfer
T0000613,C00091,C00092,3788.69,SEK,2026-02-10 02:21:46,card
T0000614,C00063,C00028,5654.52,SEK,2026-02-10 02:37:49,transfer
T0000615,C00057,C00109,6828.14,SEK,2026-02-10 04:02:05,card
T0000616,C00026,C00086,1699.76,SEK,2026-02-10 04:18:28,transfer
T0000617,C00018,C00001,1988.35,SEK,2026-02-10 04:22:43,transfer
T0000618,C00103,C00028,4364.49,SEK,2026-02-10 05:31:20,transfer
T0000619,C00057,C00028,4050.73,SEK,2026-02-10 09:55:05,transfer
T0000620,C00072,C00098,21148.2,SEK,2026-02-10 10:00:13,transfer
T0000621,C00114,C00028,5277.47,SEK,2026-02-10 10:59:00,transfer
T0000622,C00065,C00084,1330.45,SEK,2026-02-10 11:15:36,transfer
T0000623,C00011,C00060,1338.68,SEK,2026-02-10 12:39:43,transfer
T0000624,C00012,C00046,38962.69,SEK,2026-02-10 13:23:24,transfer
T0000625,C00018,C00004,11777.75,SEK,2026-02-10 13:40:39,card
T0000626,C00025,C00028,3445.99,SEK,2026-02-10 14:31:50,transfer
T0000627,C00023,C00052,9747.67,SEK,2026-02-10 17:02:27,transfer
T0000628,C00019,C00020,23500.79,SEK,2026-02-10 17:57:07,transfer
T0000629,C00030,C00072,19344.29,SEK,2026-02-10 18:37:13,transfer
T0000630,C00028,C00067,7484.41,SEK,2026-02-10 20:56:43,card
T0000631,C00069,C00104,37484.04,SEK,2026-02-10 22:48:44,transfer
T0000632,C00095,C00005,2212.23,SEK,2026-02-11 01:25:36,transfer
T0000633,C00070,C00114,6600.4,SEK,2026-02-11 01:50:22,transfer
T0000634,C00108,C00077,30793.04,SEK,2026-02-11 03:40:14,transfer
T0000635,C00084,C00075,3228.56,SEK,2026-02-11 03:47:58,transfer
T0000636,C00062,C00050,3500.78,SEK,2026-02-11 04:09:55,transfer
T0000637,C00074,C00100,8114.25,SEK,2026-02-11 05:21:07,card
T0000638,C00086,C00032,5123.5,SEK,2026-02-11 05:27:19,transfer
T0000639,C00041,C00023,4259.99,SEK,2026-02-11 09:34:22,transfer
T0000640,C00040,C00025,8958.3,SEK,2026-02-11 10:37:33,card
T0000641,C00028,C00016,40693.29,SEK,2026-02-11 12:45:39,transfer
T0000642,C00088,C00099,37045.11,SEK,2026-02-11 13:28:12,card
T0000643,C00027,C00075,9332.47,SEK,2026-02-11 14:02:17,transfer
T0000644,C00054,C00074,19042.49,SEK,2026-02-11 15:05:21,transfer
T0000645,C00012,C00066,15542.2,SEK,2026-02-11 16:40:59,card
T0000646,C00070,C00106,7446.36,SEK,2026-02-11 17:37:04,transfer
T0000647,C00070,C00096,38846.73,SEK,2026-02-11 17:43:27,transfer
T0000648,C00063,C00049,25007.12,SEK,2026-02-11 20:53:05,transfer
T0000649,C00081,C00093,9277.65,SEK,2026-02-11 21:29:24,transfer
T0000650,C00057,C00119,7776.43,SEK,2026-02-11 21:49:57,card
T0000651,C00118,C00100,30588.55,SEK,2026-02-11 23:17:36,transfer
T0000652,C00067,C00107,47767.33,SEK,2026-02-12 01:58:48,transfer
T0000653,C00106,C00020,3574.04,SEK,2026-02-12 02:27:09,transfer
T0000654,C00023,C00034,9510.51,SEK,2026-02-12 02:39:36,card
T0000655,C00049,C00044,46290.94,SEK,2026-02-12 03:34:18,transfer
T0000656,C00012,C00077,47048.1,SEK,2026-02-12 05:04:13,transfer
T0000657,C00096,C00025,10124.05,SEK,2026-02-12 06:26:42,transfer
T0000658,C00023,C00034,5785.51,SEK,2026-02-12 08:46:00,transfer
T0000659,C00018,C00001,8261.41,SEK,2026-02-12 11:56:09,card
T0000660,C00018,C00052,10215.47,SEK,2026-02-12 12:14:11,transfer
T0000661,C00087,C00054,6365.92,SEK,2026-02-12 13:10:50,card
T0000662,C00091,C00061,3472.78,SEK,2026-02-12 13:49:36,transfer
T0000663,C00098,C00044,38297.88,SEK,2026-02-12 14:43:59,transfer
T0000664,C00112,C00093,10142.34,SEK,2026-02-12 18:05:47,card
T0000665,C00098,C00072,29132.8,SEK,2026-02-12 18:11:32,transfer
T0000666,C00054,C00012,26055.05,SEK,2026-02-12 18:22:10,transfer
T0000667,C00118,C00108,1880.1,SEK,2026-02-12 18:39:43,transfer
T0000668,C00047,C00017,19153.28,SEK,2026-02-12 19:38:57,transfer
T0000669,C00078,C00118,17582.31,SEK,2026-02-12 23:04:31,transfer
T0000670,C00118,C00100,12233.6,SEK,2026-02-13 01:22:09,transfer
T0000671,C00098,C00043,10818.16,SEK,2026-02-13 06:20:22,card
T0000672,C00059,C00084,15549.14,SEK,2026-02-13 07:02:54,transfer
T0000673,C00016,C00092,85452.65,SEK,2026-02-13 13:48:36,card
T0000674,C00002,C00057,47228.9,SEK,2026-02-13 14:12:46,transfer
T0000675,C00015,C00018,6286.88,SEK,2026-02-13 14:14:26,card
T0000676,C00110,C00084,1224.83,SEK,2026-02-13 14:59:24,transfer
T0000677,C00069,C00087,8471.51,SEK,2026-02-13 17:48:14,transfer
T0000678,C00021,C00028,3697.69,SEK,2026-02-13 18:26:29,card
T0000679,C00026,C00022,33878.63,SEK,2026-02-13 18:40:46,transfer
T0000680,C00043,C00034,25302.98,SEK,2026-02-13 20:17:16,transfer
T0000681,C00043,C00003,6130.65,SEK,2026-02-13 22:10:59,transfer
T0000682,C00022,C00048,43563.6,SEK,2026-02-13 22:51:10,transfer
T0000683,C00100,C00116,16665.07,SEK,2026-02-14 00:35:43,transfer
T0000684,C00013,C00028,18229.16,SEK,2026-02-14 02:03:17,transfer
T0000685,C00010,C00041,91903.87,SEK,2026-02-14 03:01:48,transfer
T0000686,C00089,C00049,9476.3,SEK,2026-02-14 05:08:57,transfer
T0000687,C00057,C00104,15699.07,SEK,2026-02-14 05:26:47,transfer
T0000688,C00057,C00070,24977.22,SEK,2026-02-14 06:09:27,transfer
T0000689,C00094,C00004,13184.52,SEK,2026-02-14 06:48:25,transfer
T0000690,C00077,C00080,8135.15,SEK,2026-02-14 07:03:31,transfer
T0000691,C00063,C00001,18014.76,SEK,2026-02-14 09:36:56,transfer
T0000692,C00053,C00083,14834.46,SEK,2026-02-14 09:43:30,transfer
T0000693,C00107,C00041,1125.76,SEK,2026-02-14 10:25:20,transfer
T0000694,C00046,C00026,45271.72,SEK,2026-02-14 15:34:51,transfer
T0000695,C00054,C00059,9195.33,SEK,2026-02-14 16:39:19,transfer
T0000696,C00116,C00076,16062.45,SEK,2026-02-14 16:45:37,transfer
T0000697,C00108,C00077,21519.29,SEK,2026-02-14 17:33:46,transfer
T0000698,C00015,C00018,13740.77,SEK,2026-02-14 20:03:33,transfer
T0000699,C00097,C00117,27402.66,SEK,2026-02-14 21:07:45,transfer
T0000700,C00002,C00096,47359.09,SEK,2026-02-14 21:26:59,transfer
T0000701,C00104,C00096,21355.66,SEK,2026-02-14 21:29:12,transfer
T0000702,C00078,C00118,13192.44,SEK,2026-02-14 21:49:48,card
T0000703,C00100,C00091,5709.75,SEK,2026-02-14 22:08:10,transfer
T0000704,C00044,C00097,6309.7,SEK,2026-02-15 00:00:13,transfer
T0000705,C00091,C00092,1489.88,SEK,2026-02-15 00:22:30,card
T0000706,C00095,C00005,1715.91,SEK,2026-02-15 01:46:17,transfer
T0000707,C00013,C00091,4111.85,SEK,2026-02-15 01:51:02,transfer
T0000708,C00101,C00091,2201.07,SEK,2026-02-15 02:16:57,transfer
T0000709,C00079,C00091,5713.68,SEK,2026-02-15 03:20:24,transfer
T0000710,C00068,C00091,5115.34,SEK,2026-02-15 03:45:54,transfer
T0000711,C00048,C00071,2883.16,SEK,2026-02-15 03:59:52,card
T0000712,C00069,C00070,21965.61,SEK,2026-02-15 05:40:05,transfer
T0000713,C00063,C00044,29312.34,SEK,2026-02-15 07:16:33,transfer
T0000714,C00105,C00091,1789.13,SEK,2026-02-15 09:19:42,transfer
T0000715,C00004,C00058,2555.03,SEK,2026-02-15 09:22:43,transfer
T0000716,C00093,C00091,3235.61,SEK,2026-02-15 09:55:28,transfer
T0000717,C00034,C00062,133204.97,SEK,2026-02-15 10:25:55,card
T0000718,C00090,C00104,27637.47,SEK,2026-02-15 10:36:17,card
T0000719,C00076,C00091,5283.61,SEK,2026-02-15 11:45:52,transfer
T0000720,C00095,C00060,1812.51,SEK,2026-02-15 13:47:13,transfer
T0000721,C00098,C00049,48791.67,SEK,2026-02-15 14:01:42,transfer
T0000722,C00042,C00091,2718.25,SEK,2026-02-15 15:12:57,transfer
T0000723,C00075,C00048,76238.35,SEK,2026-02-15 15:48:36,transfer
T0000724,C00106,C00091,2866.22,SEK,2026-02-15 22:41:35,transfer
T0000725,C00078,C00091,4013.38,SEK,2026-02-16 01:19:55,transfer
T0000726,C00054,C00032,17547.16,SEK,2026-02-16 01:28:19,transfer
T0000727,C00113,C00080,17065.92,SEK,2026-02-16 02:11:57,transfer
T0000728,C00006,C00019,66650.59,SEK,2026-02-16 03:23:04,transfer
T0000729,C00019,C00091,3965.18,SEK,2026-02-16 06:52:25,transfer
T0000730,C00032,C00084,13075.33,SEK,2026-02-16 06:57:56,card
T0000731,C00040,C00008,3056.75,SEK,2026-02-16 07:35:00,transfer
T0000732,C00098,C00047,35950.45,SEK,2026-02-16 08:46:36,transfer
T0000733,C00106,C00099,4566.4,SEK,2026-02-16 10:37:09,transfer
T0000734,C00048,C00087,71683.12,SEK,2026-02-16 11:28:36,transfer
T0000735,C00055,C00020,3971.08,SEK,2026-02-16 15:21:11,transfer
T0000736,C00007,C00027,15663.86,SEK,2026-02-16 15:26:14,transfer
T0000737,C00032,C00018,10622.02,SEK,2026-02-16 15:47:43,transfer
T0000738,C00109,C00051,18630.96,SEK,2026-02-16 20:44:32,transfer
T0000739,C00029,C00115,13715.48,SEK,2026-02-16 21:12:25,card
T0000740,C00091,C00057,44208.31,SEK,2026-02-16 21:38:28,transfer
T0000741,C00005,C00097,77874.99,SEK,2026-02-16 22:20:14,transfer
T0000742,C00013,C00028,10868.88,SEK,2026-02-16 22:50:47,transfer
T0000743,C00114,C00027,55752.87,SEK,2026-02-17 01:11:38,transfer
T0000744,C00006,C00001,67317.91,SEK,2026-02-17 01:52:18,card
T0000745,C00042,C00041,9965.98,SEK,2026-02-17 05:22:15,transfer
T0000746,C00001,C00096,11341.69,SEK,2026-02-17 08:49:36,transfer
T0000747,C00025,C00007,21140.99,SEK,2026-02-17 09:25:37,card
T0000748,C00025,C00060,24032.91,SEK,2026-02-17 13:09:20,transfer
T0000749,C00117,C00096,17569.11,SEK,2026-02-17 13:57:09,transfer
T0000750,C00077,C00046,34312.54,SEK,2026-02-17 14:52:12,transfer
T0000751,C00026,C00022,43170.63,SEK,2026-02-17 14:56:16,transfer
T0000752,C00085,C00014,12312.63,SEK,2026-02-17 15:12:18,transfer
T0000753,C00067,C00092,100951.08,SEK,2026-02-17 18:17:46,card
T0000754,C00041,C00023,6499.46,SEK,2026-02-17 18:28:33,transfer
T0000755,C00015,C00079,15185.19,SEK,2026-02-17 18:31:05,transfer
T0000756,C00061,C00010,6575.42,SEK,2026-02-17 20:24:35,transfer
T0000757,C00056,C00107,23309.03,SEK,2026-02-17 23:27:02,transfer
T0000758,C00084,C00049,4851.43,SEK,2026-02-17 23:36:30,transfer
T0000759,C00103,C00118,8519.6,SEK,2026-02-17 23:40:29,transfer
T0000760,C00026,C00077,17626.22,SEK,2026-02-17 23:59:17,transfer
T0000761,C00034,C00062,138956.77,SEK,2026-02-18 02:52:04,transfer
T0000762,C00060,C00082,7568.75,SEK,2026-02-18 03:09:22,card
T0000763,C00072,C00096,5360.69,SEK,2026-02-18 08:59:26,transfer
T0000764,C00043,C00074,19461.63,SEK,2026-02-18 11:00:59,transfer
T0000765,C00090,C00104,47141.84,SEK,2026-02-18 11:18:10,card
T0000766,C00026,C00054,34389.32,SEK,2026-02-18 13:21:02,transfer
T0000767,C00051,C00005,10740.07,SEK,2026-02-18 14:23:34,transfer
T0000768,C00095,C00112,1468.87,SEK,2026-02-18 16:26:46,card
T0000769,C00008,C00021,83705.09,SEK,2026-02-18 16:37:26,transfer
T0000770,C00021,C00047,77024.96,SEK,2026-02-18 18:27:25,transfer
T0000771,C00025,C00044,37707.85,SEK,2026-02-18 19:51:10,transfer
T0000772,C00082,C00011,897.26,SEK,2026-02-18 19:53:31,transfer
T0000773,C00099,C00034,3218.19,SEK,2026-02-18 22:08:57,transfer
T0000774,C00037,C00087,9917.98,SEK,2026-02-18 22:53:32,card
T0000775,C00048,C00077,43848.31,SEK,2026-02-19 00:43:45,transfer
T0000776,C00080,C00008,3331.69,SEK,2026-02-19 07:23:00,transfer
T0000777,C00014,C00097,1784.57,SEK,2026-02-19 08:15:29,card
T0000778,C00028,C00042,5127.27,SEK,2026-02-19 08:55:12,transfer
T0000779,C00048,C00012,34316.39,SEK,2026-02-19 12:34:23,transfer
T0000780,C00055,C00020,3794.16,SEK,2026-02-19 12:48:53,transfer
T0000781,C00093,C00116,6737.75,SEK,2026-02-19 13:48:29,transfer
T0000782,C00039,C00059,7608.17,SEK,2026-02-19 14:26:59,transfer
T0000783,C00099,C00096,5100.48,SEK,2026-02-19 14:43:51,transfer
T0000784,C00045,C00027,5933.44,SEK,2026-02-19 14:44:39,transfer
T0000785,C00089,C00100,8149.42,SEK,2026-02-19 15:00:00,transfer
T0000786,C00111,C00071,18178.9,SEK,2026-02-19 16:37:59,card
T0000787,C00110,C00009,539.82,SEK,2026-02-19 18:36:25,transfer
T0000788,C00020,C00109,19204.3,SEK,2026-02-19 19:56:11,transfer
T0000789,C00033,C00118,6949.48,SEK,2026-02-19 20:17:47,transfer
T0000790,C00016,C00092,50038.89,SEK,2026-02-19 20:54:40,card
T0000791,C00077,C00116,6434.71,SEK,2026-02-19 22:20:30,transfer
T0000792,C00015,C00048,20017.45,SEK,2026-02-19 22:56:16,transfer
T0000793,C00069,C00070,16485.29,SEK,2026-02-20 00:03:21,transfer
T0000794,C00056,C00094,16040.26,SEK,2026-02-20 01:14:06,transfer
T0000795,C00086,C00118,2885.3,SEK,2026-02-20 04:18:10,transfer
T0000796,C00070,C00002,21665.62,SEK,2026-02-20 06:48:50,transfer
T0000797,C00065,C00036,1210.72,SEK,2026-02-20 06:53:20,transfer
T0000798,C00046,C00048,26058.86,SEK,2026-02-20 07:21:30,transfer
T0000799,C00103,C00102,25887.75,SEK,2026-02-20 07:31:53,transfer
T0000800,C00047,C00089,10717.29,SEK,2026-02-20 08:05:16,transfer
T0000801,C00024,C00077,19990.5,SEK,2026-02-20 09:28:32,transfer
T0000802,C00070,C00109,37175.92,SEK,2026-02-20 11:52:09,transfer
T0000803,C00057,C00006,12016.84,SEK,2026-02-20 11:53:17,card
T0000804,C00061,C00099,9823.57,SEK,2026-02-20 13:04:06,transfer
T0000805,C00117,C00069,17124.05,SEK,2026-02-20 13:24:11,transfer
T0000806,C00080,C00031,3713.89,SEK,2026-02-20 14:08:34,transfer
T0000807,C00102,C00061,2763.71,SEK,2026-02-20 15:28:33,transfer
T0000808,C00042,C00041,3984.64,SEK,2026-02-20 15:59:31,transfer
T0000809,C00097,C00078,6916.04,SEK,2026-02-20 16:33:14,transfer
T0000810,C00027,C00033,6946.15,SEK,2026-02-20 19:09:25,transfer
T0000811,C00035,C00040,21565.27,SEK,2026-02-20 19:25:39,card
T0000812,C00031,C00007,7436.5,SEK,2026-02-20 20:17:43,transfer
T0000813,C00084,C00094,922.29,SEK,2026-02-20 20:27:37,card
T0000814,C00008,C00088,15034.79,SEK,2026-02-20 20:50:30,card
T0000815,C00109,C00097,1072.05,SEK,2026-02-21 00:02:26,transfer
T0000816,C00018,C00001,7730.03,SEK,2026-02-21 01:48:57,transfer
T0000817,C00076,C00099,3447.85,SEK,2026-02-21 06:22:28,card
T0000818,C00040,C00072,5082.54,SEK,2026-02-21 09:37:51,transfer
T0000819,C00060,C00098,42564.6,SEK,2026-02-21 12:39:04,transfer
T0000820,C00069,C00096,41489.84,SEK,2026-02-21 12:46:43,transfer
T0000821,C00041,C00023,5034.89,SEK,2026-02-21 13:02:49,transfer
T0000822,C00099,C00034,3616.93,SEK,2026-02-21 13:52:34,card
T0000823,C00054,C00012,36675.25,SEK,2026-02-21 15:51:28,transfer
T0000824,C00072,C00038,22078.47,SEK,2026-02-21 16:56:44,card
T0000825,C00028,C00100,7270.59,SEK,2026-02-21 23:03:54,transfer
T0000826,C00066,C00001,100736.43,SEK,2026-02-22 00:05:53,transfer
T0000827,CASH,C00093,9451.26,SEK,2026-02-22 00:27:33,cash_deposit
T0000828,C00058,C00030,69845.27,SEK,2026-02-22 02:10:53,transfer
T0000829,C00026,C00022,47611.92,SEK,2026-02-22 04:54:47,transfer
T0000830,CASH,C00093,9047.65,SEK,2026-02-22 08:03:16,cash_deposit
T0000831,CASH,C00093,8895.4,SEK,2026-02-22 08:37:10,cash_deposit
T0000832,C00026,C00077,26506.19,SEK,2026-02-22 09:05:01,transfer
T0000833,C00032,C00082,22046.21,SEK,2026-02-22 09:40:41,transfer
T0000834,C00082,C00022,1313.38,SEK,2026-02-22 09:52:55,transfer
T0000835,C00081,C00095,5738.27,SEK,2026-02-22 11:27:31,transfer
T0000836,C00050,C00057,14773.58,SEK,2026-02-22 16:11:30,card
T0000837,C00116,C00059,4249.7,SEK,2026-02-22 17:03:53,transfer
T0000838,C00060,C00072,23913.22,SEK,2026-02-22 17:31:34,transfer
T0000839,C00026,C00108,2625.49,SEK,2026-02-22 17:32:54,transfer
T0000840,C00120,C00033,57984.08,SEK,2026-02-22 18:22:47,card
T0000841,C00021,C00098,1227.68,SEK,2026-02-22 18:35:55,transfer
T0000842,C00020,C00016,20524.27,SEK,2026-02-22 19:08:56,transfer
T0000843,C00031,C00095,9237.76,SEK,2026-02-22 20:47:23,transfer
T0000844,C00088,C00099,21583.96,SEK,2026-02-22 20:58:22,transfer
T0000845,C00049,C00098,49982.4,SEK,2026-02-22 21:05:04,transfer
T0000846,CASH,C00093,9496.87,SEK,2026-02-22 23:07:49,cash_deposit
T0000847,C00109,C00002,37959.97,SEK,2026-02-22 23:46:20,transfer
T0000848,C00006,C00019,84035.4,SEK,2026-02-23 00:26:16,card
T0000849,C00052,C00104,18630.21,SEK,2026-02-23 01:18:02,card
T0000850,C00027,C00016,6824.36,SEK,2026-02-23 06:18:50,card
T0000851,C00060,C00069,3708.09,SEK,2026-02-23 06:25:26,card
T0000852,C00018,C00064,5809.38,SEK,2026-02-23 06:39:25,card
T0000853,C00046,C00054,30500.91,SEK,2026-02-23 07:38:43,transfer
T0000854,C00118,C00100,18255.63,SEK,2026-02-23 10:04:08,transfer
T0000855,C00025,C00072,19002.9,SEK,2026-02-23 10:29:09,transfer
T0000856,C00042,C00041,9185.22,SEK,2026-02-23 11:42:16,card
T0000857,C00030,C00072,8629.57,SEK,2026-02-23 14:06:29,transfer
T0000858,C00067,C00004,79041.54,SEK,2026-02-23 14:38:50,transfer
T0000859,C00093,C00042,5243.32,SEK,2026-02-23 17:30:08,transfer
T0000860,C00049,C00044,32949.43,SEK,2026-02-23 18:04:11,transfer
T0000861,C00100,C00116,80227.57,SEK,2026-02-23 20:41:41,transfer
T0000862,C00060,C00017,6219.2,SEK,2026-02-23 22:13:27,transfer
T0000863,C00094,C00004,7710.33,SEK,2026-02-24 02:10:55,transfer
T0000864,C00116,C00076,73455.96,SEK,2026-02-24 02:31:12,transfer
T0000865,C00008,C00064,10081.61,SEK,2026-02-24 02:39:31,transfer
T0000866,C00001,C00096,8538.95,SEK,2026-02-24 06:34:16,transfer
T0000867,C00062,C00064,1729.72,SEK,2026-02-24 08:16:20,transfer
T0000868,C00090,C00056,35179.71,SEK,2026-02-24 08:58:21,card
T0000869,C00049,C00063,26461.13,SEK,2026-02-24 13:05:11,transfer
T0000870,C00072,C00063,33525.08,SEK,2026-02-24 13:07:05,transfer
T0000871,C00067,C00092,32193.14,SEK,2026-02-24 16:35:15,card
T0000872,C00015,C00079,12005.91,SEK,2026-02-24 17:42:47,card
T0000873,C00070,C00057,45994.13,SEK,2026-02-24 17:59:51,transfer
T0000874,C00015,C00018,8052.57,SEK,2026-02-24 20:32:56,transfer
T0000875,C00092,C00070,2510.07,SEK,2026-02-24 20:59:18,transfer
T0000876,C00029,C00105,15257.95,SEK,2026-02-24 23:14:02,transfer
T0000877,C00042,C00063,44313.73,SEK,2026-02-25 01:06:11,transfer
T0000878,C00117,C00069,13815.76,SEK,2026-02-25 01:43:40,card
T0000879,C00006,C00031,69952.87,SEK,2026-02-25 03:02:31,transfer
T0000880,C00063,C00005,41659.85,SEK,2026-02-25 06:31:43,transfer
T0000881,C00114,C00093,124992.93,SEK,2026-02-25 10:55:29,transfer
T0000882,C00077,C00022,31310.13,SEK,2026-02-25 11:01:40,transfer
T0000883,C00092,C00116,7249.64,SEK,2026-02-25 11:23:36,transfer
T0000884,C00091,C00092,3420.24,SEK,2026-02-25 15:20:04,transfer
T0000885,C00010,C00012,25950.63,SEK,2026-02-25 15:28:33,transfer
T0000886,C00075,C00048,53384.88,SEK,2026-02-25 17:21:20,transfer
T0000887,C00040,C00032,8104.71,SEK,2026-02-25 18:55:03,transfer
T0000888,C00048,C00087,48562.56,SEK,2026-02-25 19:39:47,transfer
T0000889,C00051,C00017,12013.8,SEK,2026-02-25 20:59:54,transfer
T0000890,C00003,C00007,9374.95,SEK,2026-02-25 21:28:28,card
T0000891,C00028,C00067,5530.74,SEK,2026-02-25 21:55:00,transfer
T0000892,C00100,C00116,119191.35,SEK,2026-02-26 01:13:01,transfer
T0000893,C00002,C00104,29725.76,SEK,2026-02-26 01:43:47,transfer
T0000894,C00063,C00072,29364.96,SEK,2026-02-26 02:18:30,transfer
T0000895,C00014,C00097,2130.24,SEK,2026-02-26 02:27:57,transfer
T0000896,C00057,C00069,43058.27,SEK,2026-02-26 04:09:44,transfer
T0000897,C00110,C00048,1125.87,SEK,2026-02-26 04:09:52,transfer
T0000898,C00116,C00076,110599.46,SEK,2026-02-26 06:04:12,transfer
T0000899,C00007,C00064,7688.87,SEK,2026-02-26 08:04:54,transfer
T0000900,C00046,C00035,2513.35,SEK,2026-02-26 08:49:56,transfer
T0000901,C00045,C00054,5396.62,SEK,2026-02-26 09:07:50,card
T0000902,C00092,C00048,5671.0,SEK,2026-02-26 09:19:09,transfer
T0000903,C00113,C00080,9703.65,SEK,2026-02-26 10:24:17,card
T0000904,C00064,C00039,6373.95,SEK,2026-02-26 10:57:29,card
T0000905,C00034,C00062,103353.45,SEK,2026-02-26 15:22:56,card
T0000906,C00092,C00119,4510.14,SEK,2026-02-26 16:41:56,transfer
T0000907,C00090,C00104,30382.13,SEK,2026-02-26 19:06:49,transfer
T0000908,C00096,C00070,48378.31,SEK,2026-02-26 19:45:01,transfer
T0000909,C00027,C00033,8338.63,SEK,2026-02-26 22:36:36,transfer
T0000910,C00021,C00045,1780.08,SEK,2026-02-26 22:43:25,transfer
T0000911,C00069,C00104,41269.88,SEK,2026-02-26 23:17:32,transfer
T0000912,C00044,C00097,9781.73,SEK,2026-02-26 23:29:59,transfer
T0000913,C00009,C00061,17479.89,SEK,2026-02-27 01:10:36,transfer
T0000914,C00066,C00031,66727.09,SEK,2026-02-27 01:14:40,transfer
T0000915,C00082,C00022,1621.02,SEK,2026-02-27 02:42:26,card
T0000916,CASH,C00037,8995.58,SEK,2026-02-27 04:43:04,cash_deposit
T0000917,CASH,C00037,9540.42,SEK,2026-02-27 05:25:06,cash_deposit
T0000918,C00008,C00064,8946.78,SEK,2026-02-27 05:28:13,transfer
T0000919,C00065,C00109,669.64,SEK,2026-02-27 08:09:43,transfer
T0000920,C00070,C00057,27785.6,SEK,2026-02-27 09:56:23,transfer
T0000921,CASH,C00069,8992.55,SEK,2026-02-27 13:15:15,cash_deposit
T0000922,C00042,C00063,56236.19,SEK,2026-02-27 13:20:14,transfer
T0000923,C00022,C00016,7112.75,SEK,2026-02-27 15:46:01,transfer
T0000924,C00063,C00005,53455.97,SEK,2026-02-27 17:57:34,transfer
T0000925,C00112,C00055,2780.74,SEK,2026-02-28 03:26:08,transfer
T0000926,C00104,C00002,40534.12,SEK,2026-02-28 05:50:01,transfer
T0000927,CASH,C00037,8540.15,SEK,2026-02-28 06:01:26,cash_deposit
T0000928,CASH,C00069,8821.76,SEK,2026-02-28 06:06:52,cash_deposit
T0000929,C00117,C00071,24767.31,SEK,2026-02-28 06:58:51,transfer
T0000930,C00072,C00096,10382.62,SEK,2026-02-28 08:13:52,transfer
T0000931,CASH,C00069,9489.62,SEK,2026-02-28 08:29:14,cash_deposit
T0000932,C00082,C00022,635.9,SEK,2026-02-28 09:14:33,card
T0000933,C00064,C00070,236.02,SEK,2026-02-28 09:24:19,transfer
T0000934,C00032,C00084,4522.51,SEK,2026-02-28 12:12:59,transfer
T0000935,C00092,C00070,3351.35,SEK,2026-02-28 13:55:56,transfer
T0000936,CASH,C00037,8577.55,SEK,2026-02-28 14:33:01,cash_deposit
T0000937,C00033,C00070,11764.51,SEK,2026-02-28 14:46:07,transfer
T0000938,C00071,C00093,5647.46,SEK,2026-02-28 16:06:36,card
T0000939,C00038,C00066,112567.26,SEK,2026-02-28 17:37:27,transfer
T0000940,C00109,C00021,24208.92,SEK,2026-02-28 18:05:54,transfer
T0000941,C00002,C00065,9547.2,SEK,2026-02-28 18:36:21,transfer
T0000942,C00099,C00034,8132.27,SEK,2026-02-28 19:25:26,card
T0000943,CASH,C00037,8916.5,SEK,2026-02-28 19:42:52,cash_deposit
T0000944,C00111,C00062,20074.0,SEK,2026-02-28 19:57:45,card
T0000945,C00106,C00089,3197.94,SEK,2026-02-28 20:22:49,transfer
T0000946,C00046,C00065,7221.49,SEK,2026-02-28 20:50:23,transfer
T0000947,C00105,C00095,4999.59,SEK,2026-02-28 21:55:00,transfer
T0000948,CASH,C00069,9573.91,SEK,2026-03-01 01:12:15,cash_deposit
T0000949,C00079,C00004,21966.45,SEK,2026-03-01 01:56:50,card
T0000950,C00114,C00051,20896.06,SEK,2026-03-01 02:34:40,transfer
T0000951,C00047,C00048,15870.68,SEK,2026-03-01 03:53:46,transfer
T0000952,C00110,C00053,618.21,SEK,2026-03-01 05:15:11,transfer
T0000953,C00088,C00099,3021.98,SEK,2026-03-01 06:59:27,transfer
T0000954,C00103,C00050,25698.94,SEK,2026-03-01 07:30:11,transfer
T0000955,C00035,C00038,18671.47,SEK,2026-03-01 07:34:38,transfer
T0000956,C00069,C00057,47940.6,SEK,2026-03-01 11:01:27,transfer
T0000957,C00102,C00061,2283.85,SEK,2026-03-01 12:41:16,transfer
T0000958,C00085,C00057,12705.43,SEK,2026-03-01 15:02:07,transfer
T0000959,C00092,C00119,3238.82,SEK,2026-03-01 15:30:44,transfer
T0000960,C00078,C00036,14606.96,SEK,2026-03-01 15:56:17,transfer
T0000961,C00074,C00106,7380.31,SEK,2026-03-01 17:08:05,card
T0000962,C00035,C00040,26762.15,SEK,2026-03-01 17:23:55,transfer
T0000963,C00052,C00062,23962.79,SEK,2026-03-01 18:45:49,transfer
T0000964,C00108,C00101,32074.3,SEK,2026-03-01 19:56:47,transfer
T0000965,C00070,C00002,46419.99,SEK,2026-03-01 19:59:57,transfer
T0000966,C00016,C00048,104203.04,SEK,2026-03-01 21:02:57,transfer
T0000967,C00026,C00012,47181.67,SEK,2026-03-01 22:55:41,transfer
T0000968,C00120,C00064,43911.9,SEK,2026-03-02 01:42:05,card
T0000969,C00003,C00073,9390.16,SEK,2026-03-02 02:39:22,transfer
T0000970,C00066,C00061,38974.82,SEK,2026-03-02 05:55:35,transfer
T0000971,C00077,C00022,41118.37,SEK,2026-03-02 06:50:01,transfer
T0000972,C00036,C00040,8351.51,SEK,2026-03-02 07:29:19,transfer
T0000973,C00086,C00011,6467.81,SEK,2026-03-02 07:54:14,transfer
T0000974,C00072,C00001,10578.62,SEK,2026-03-02 10:56:07,transfer
T0000975,C00061,C00013,12825.57,SEK,2026-03-02 13:04:18,transfer
T0000976,C00111,C00071,21683.94,SEK,2026-03-02 14:25:55,transfer
T0000977,C00098,C00060,24281.4,SEK,2026-03-02 15:07:14,transfer
T0000978,C00052,C00062,17936.32,SEK,2026-03-02 15:09:14,card
T0000979,C00017,C00114,5012.52,SEK,2026-03-02 15:11:33,transfer
T0000980,C00026,C00012,25520.56,SEK,2026-03-02 15:20:12,transfer
T0000981,C00107,C00041,788.4,SEK,2026-03-02 15:49:46,transfer
T0000982,C00012,C00106,10780.45,SEK,2026-03-02 18:31:45,card
T0000983,C00067,C00053,36598.35,SEK,2026-03-02 20:10:48,transfer
T0000984,C00054,C00046,17938.54,SEK,2026-03-02 20:25:00,transfer
T0000985,C00098,C00072,42553.79,SEK,2026-03-02 22:38:53,transfer
T0000986,C00033,C00120,10806.09,SEK,2026-03-02 22:55:42,card
T0000987,C00034,C00022,139985.8,SEK,2026-03-03 00:09:59,transfer
T0000988,C00014,C00097,1493.72,SEK,2026-03-03 02:14:53,transfer
T0000989,C00058,C00030,99431.5,SEK,2026-03-03 02:26:19,transfer
T0000990,C00012,C00106,15480.9,SEK,2026-03-03 03:55:42,transfer
T0000991,C00005,C00090,81550.81,SEK,2026-03-03 04:06:31,transfer
T0000992,C00055,C00020,3510.91,SEK,2026-03-03 06:55:19,transfer
T0000993,C00064,C00039,11373.49,SEK,2026-03-03 08:09:37,transfer
T0000994,C00025,C00060,37503.23,SEK,2026-03-03 08:39:44,transfer
T0000995,C00066,C00044,67189.24,SEK,2026-03-03 08:54:58,transfer
T0000996,C00050,C00029,16279.11,SEK,2026-03-03 16:26:36,card
T0000997,C00102,C00092,1146.58,SEK,2026-03-03 17:08:21,card
T0000998,C00061,C00099,7545.17,SEK,2026-03-03 17:50:17,transfer
T0000999,C00063,C00078,8896.54,SEK,2026-03-03 18:26:17,transfer
T0001000,C00102,C00014,2071.86,SEK,2026-03-03 20:51:48,transfer
T0001001,C00075,C00029,6568.69,SEK,2026-03-03 21:05:00,transfer
T0001002,C00039,C00044,7797.75,SEK,2026-03-03 22:02:43,card
T0001003,C00003,C00082,10895.41,SEK,2026-03-03 22:32:52,card
T0001004,C00011,C00060,5885.81,SEK,2026-03-04 00:22:21,transfer
T0001005,C00117,C00111,12733.48,SEK,2026-03-04 02:04:10,card
T0001006,C00031,C00007,13960.46,SEK,2026-03-04 02:09:22,transfer
T0001007,C00037,C00073,5037.23,SEK,2026-03-04 02:40:55,transfer
T0001008,C00074,C00040,50,SEK,2026-03-04 03:46:39,transfer
T0001009,C00064,C00039,12731.88,SEK,2026-03-04 04:14:18,transfer
T0001010,C00031,C00007,9074.74,SEK,2026-03-04 06:09:23,transfer
T0001011,C00071,C00089,3973.51,SEK,2026-03-04 06:47:22,transfer
T0001012,C00057,C00002,35621.91,SEK,2026-03-04 07:49:33,transfer
T0001013,C00029,C00082,20831.9,SEK,2026-03-04 08:06:35,transfer
T0001014,C00054,C00077,27363.49,SEK,2026-03-04 09:47:38,transfer
T0001015,C00051,C00005,2312.74,SEK,2026-03-04 10:19:00,transfer
T0001016,C00077,C00054,36994.43,SEK,2026-03-04 10:35:46,transfer
T0001017,C00042,C00041,14296.34,SEK,2026-03-04 10:53:02,transfer
T0001018,C00104,C00069,42211.2,SEK,2026-03-04 13:34:09,transfer
T0001019,C00083,C00025,9894.62,SEK,2026-03-04 15:06:51,transfer
T0001020,C00098,C00060,19562.7,SEK,2026-03-04 15:11:48,transfer
T0001021,C00011,C00039,4698.56,SEK,2026-03-04 16:34:40,card
T0001022,C00083,C00085,21239.4,SEK,2026-03-04 16:42:52,transfer
T0001023,C00069,C00096,27463.53,SEK,2026-03-04 16:54:51,transfer
T0001024,C00008,C00039,3830.43,SEK,2026-03-04 18:51:19,transfer
T0001025,C00065,C00107,993.04,SEK,2026-03-04 19:52:40,transfer
T0001026,C00042,C00063,51494.49,SEK,2026-03-04 23:07:08,transfer
T0001027,C00081,C00116,4661.57,SEK,2026-03-05 02:14:47,transfer
T0001028,C00108,C00077,33673.79,SEK,2026-03-05 04:36:58,card
T0001029,C00002,C00109,17885.73,SEK,2026-03-05 08:52:09,transfer
T0001030,C00091,C00061,2707.5,SEK,2026-03-05 10:43:02,transfer
T0001031,C00063,C00005,50084.35,SEK,2026-03-05 11:26:24,transfer
T0001032,C00039,C00104,4430.99,SEK,2026-03-05 12:02:23,transfer
T0001033,C00120,C00095,107153.64,SEK,2026-03-05 13:31:18,card
T0001034,C00037,C00083,5848.33,SEK,2026-03-05 15:03:40,transfer
T0001035,C00042,C00041,10140.07,SEK,2026-03-05 16:02:28,transfer
T0001036,C00025,C00037,13849.6,SEK,2026-03-05 16:45:23,card
T0001037,C00086,C00011,1565.68,SEK,2026-03-05 17:04:26,transfer
T0001038,C00106,C00089,2712.16,SEK,2026-03-05 17:35:29,card
T0001039,C00001,C00078,11150.81,SEK,2026-03-05 20:57:54,transfer
T0001040,C00056,C00094,15086.22,SEK,2026-03-05 21:19:43,card
T0001041,C00070,C00064,5482.64,SEK,2026-03-05 22:03:51,transfer
T0001042,C00115,C00023,114500.45,SEK,2026-03-05 22:20:19,transfer
T0001043,C00009,C00061,16331.18,SEK,2026-03-06 00:17:32,transfer
T0001044,C00100,C00116,88282.78,SEK,2026-03-06 02:28:12,transfer
T0001045,C00012,C00077,32839.58,SEK,2026-03-06 02:30:09,transfer
T0001046,C00035,C00040,24377.33,SEK,2026-03-06 03:11:17,transfer
T0001047,C00116,C00076,84876.23,SEK,2026-03-06 05:13:55,transfer
T0001048,C00117,C00096,9114.61,SEK,2026-03-06 05:20:23,transfer
T0001049,C00024,C00077,12075.29,SEK,2026-03-06 05:38:41,card
T0001050,C00048,C00026,39121.35,SEK,2026-03-06 06:50:29,transfer
T0001051,C00010,C00041,71370.05,SEK,2026-03-06 07:04:57,transfer
T0001052,C00041,C00023,9183.93,SEK,2026-03-06 07:32:50,transfer
T0001053,C00116,C00080,11206.3,SEK,2026-03-06 10:15:13,transfer
T0001054,C00073,C00027,16404.11,SEK,2026-03-06 12:00:31,transfer
T0001055,C00019,C00053,42778.48,SEK,2026-03-06 13:10:25,transfer
T0001056,C00022,C00054,26559.18,SEK,2026-03-06 13:58:05,transfer
T0001057,C00113,C00034,4669.36,SEK,2026-03-07 01:04:10,transfer
T0001058,C00040,C00018,6163.91,SEK,2026-03-07 01:34:21,transfer
T0001059,C00011,C00039,9886.7,SEK,2026-03-07 02:24:21,card
T0001060,C00070,C00069,18731.97,SEK,2026-03-07 03:13:09,transfer
T0001061,C00085,C00022,3716.53,SEK,2026-03-07 05:21:16,transfer
T0001062,C00030,C00094,18007.49,SEK,2026-03-07 10:34:09,transfer
T0001063,C00096,C00069,21587.49,SEK,2026-03-07 10:38:40,transfer
T0001064,C00043,C00034,13102.59,SEK,2026-03-07 10:51:02,transfer
T0001065,C00070,C00028,9571.09,SEK,2026-03-07 12:13:37,transfer
T0001066,C00083,C00113,18842.95,SEK,2026-03-07 14:08:46,transfer
T0001067,C00063,C00103,9847.24,SEK,2026-03-07 14:20:26,transfer
T0001068,C00104,C00120,7071.19,SEK,2026-03-07 15:14:22,transfer
T0001069,C00019,C00040,61683.73,SEK,2026-03-07 16:11:56,transfer
T0001070,C00006,C00019,32437.03,SEK,2026-03-07 23:21:49,transfer
T0001071,C00007,C00014,1053.55,SEK,2026-03-08 00:24:29,card
T0001072,C00088,C00099,36958.91,SEK,2026-03-08 00:52:10,transfer
T0001073,C00034,C00062,140277.29,SEK,2026-03-08 05:37:36,transfer
T0001074,C00068,C00022,23211.53,SEK,2026-03-08 05:44:49,transfer
T0001075,C00063,C00078,11328.19,SEK,2026-03-08 07:01:30,transfer
T0001076,C00105,C00095,10656.19,SEK,2026-03-08 08:09:17,transfer
T0001077,C00046,C00022,24489.4,SEK,2026-03-08 09:15:28,transfer
T0001078,C00005,C00090,49424.49,SEK,2026-03-08 09:54:50,transfer
T0001079,C00040,C00056,7994.11,SEK,2026-03-08 13:47:13,transfer
T0001080,C00088,C00099,29006.59,SEK,2026-03-08 16:47:20,card
T0001081,C00079,C00077,6411.44,SEK,2026-03-08 19:36:51,card
T0001082,C00101,C00004,19865.76,SEK,2026-03-08 19:47:36,card
T0001083,C00089,C00100,8818.62,SEK,2026-03-09 00:48:01,transfer
T0001084,C00093,C00042,3606.04,SEK,2026-03-09 07:47:16,transfer
T0001085,C00036,C00042,13976.08,SEK,2026-03-09 10:58:25,transfer
T0001086,C00008,C00039,11115.89,SEK,2026-03-09 11:15:09,transfer
T0001087,C00060,C00082,4382.74,SEK,2026-03-09 12:05:26,card
T0001088,C00086,C00011,3315.64,SEK,2026-03-09 13:28:18,transfer
T0001089,C00109,C00104,19086.85,SEK,2026-03-09 14:38:02,transfer
T0001090,C00098,C00035,7137.14,SEK,2026-03-09 18:55:32,card
T0001091,C00025,C00044,49360.11,SEK,2026-03-09 19:14:46,transfer
T0001092,C00011,C00078,10384.27,SEK,2026-03-09 21:40:02,transfer
T0001093,C00057,C00109,34261.56,SEK,2026-03-10 00:11:43,transfer
T0001094,C00087,C00030,6688.07,SEK,2026-03-10 01:35:13,card
T0001095,C00100,C00036,12364.43,SEK,2026-03-10 02:45:30,card
T0001096,C00012,C00048,45151.46,SEK,2026-03-10 09:46:54,transfer
T0001097,C00070,C00002,25618.81,SEK,2026-03-10 09:48:53,transfer
T0001098,C00106,C00107,3207.07,SEK,2026-03-10 12:17:42,transfer
T0001099,C00044,C00097,5668.32,SEK,2026-03-10 16:47:50,transfer
T0001100,C00067,C00082,50557.2,SEK,2026-03-10 18:12:33,transfer
T0001101,C00008,C00021,108368.61,SEK,2026-03-10 20:35:00,transfer
T0001102,C00044,C00049,47228.0,SEK,2026-03-10 20:59:22,transfer
T0001103,C00091,C00061,3500.65,SEK,2026-03-10 23:49:18,card
T0001104,C00022,C00027,982.53,SEK,2026-03-11 01:15:27,card
T0001105,C00025,C00037,14003.89,SEK,2026-03-11 08:09:46,card
T0001106,C00097,C00078,12479.71,SEK,2026-03-11 08:10:42,transfer
T0001107,C00021,C00047,99837.27,SEK,2026-03-11 12:24:32,transfer
T0001108,C00002,C00109,44707.13,SEK,2026-03-11 16:18:06,transfer
T0001109,C00038,C00010,89153.45,SEK,2026-03-11 16:47:14,card
T0001110,C00017,C00116,4636.05,SEK,2026-03-11 16:59:43,transfer
T0001111,C00073,C00100,10314.84,SEK,2026-03-11 17:55:07,transfer
T0001112,C00035,C00096,24398.03,SEK,2026-03-11 17:59:35,card
T0001113,C00074,C00100,9836.47,SEK,2026-03-11 20:57:32,transfer
T0001114,C00027,C00083,7060.41,SEK,2026-03-11 22:07:09,transfer
T0001115,C00064,C00070,745.67,SEK,2026-03-11 22:29:22,transfer
T0001116,C00057,C00069,21123.25,SEK,2026-03-11 23:27:44,transfer
T0001117,C00004,C00018,3678.6,SEK,2026-03-11 23:41:38,transfer
T0001118,C00119,C00035,17298.06,SEK,2026-03-12 00:13:00,transfer
T0001119,C00004,C00078,592.34,SEK,2026-03-12 00:39:58,transfer
T0001120,C00048,C00035,4303.28,SEK,2026-03-12 00:42:26,card
T0001121,C00023,C00049,6527.42,SEK,2026-03-12 01:09:38,transfer
T0001122,C00109,C00104,37683.59,SEK,2026-03-12 03:47:00,transfer
T0001123,C00072,C00063,28917.05,SEK,2026-03-12 04:17:57,transfer
T0001124,C00004,C00020,2420.74,SEK,2026-03-12 04:44:44,transfer
T0001125,C00054,C00048,31600.19,SEK,2026-03-12 05:25:06,transfer
T0001126,C00054,C00029,19962.91,SEK,2026-03-12 07:04:49,transfer
T0001127,C00007,C00009,4287.04,SEK,2026-03-12 09:27:26,transfer
T0001128,C00044,C00113,4020.75,SEK,2026-03-12 10:20:28,transfer
T0001129,C00015,C00079,16184.37,SEK,2026-03-12 13:31:22,card
T0001130,C00005,C00066,79503.01,SEK,2026-03-12 13:57:51,transfer
T0001131,C00118,C00108,21993.83,SEK,2026-03-12 18:32:09,transfer
T0001132,C00061,C00102,18740.42,SEK,2026-03-12 20:57:19,transfer
T0001133,C00059,C00093,18764.1,SEK,2026-03-12 22:03:23,transfer
T0001134,C00017,C00116,4338.1,SEK,2026-03-13 00:17:53,transfer
T0001135,C00008,C00039,8922.17,SEK,2026-03-13 00:40:37,transfer
T0001136,C00048,C00035,6837.27,SEK,2026-03-13 02:00:21,transfer
T0001137,C00068,C00003,30833.23,SEK,2026-03-13 02:54:48,card
T0001138,C00022,C00054,19976.28,SEK,2026-03-13 03:58:15,transfer
T0001139,C00110,C00053,1337.46,SEK,2026-03-13 04:00:38,transfer
T0001140,C00003,C00100,3545.09,SEK,2026-03-13 07:01:57,card
T0001141,C00044,C00113,3331.34,SEK,2026-03-13 08:58:15,card
T0001142,C00062,C00069,3035.82,SEK,2026-03-13 10:16:36,transfer
T0001143,C00093,C00042,6771.93,SEK,2026-03-13 10:23:06,transfer
T0001144,C00002,C00063,5426.74,SEK,2026-03-13 15:01:21,card
T0001145,C00106,C00089,3052.1,SEK,2026-03-13 16:13:22,transfer
T0001146,C00053,C00001,6227.33,SEK,2026-03-13 20:17:17,card
T0001147,C00014,C00094,50,SEK,2026-03-13 21:39:06,transfer
T0001148,C00077,C00048,49920.91,SEK,2026-03-13 23:18:18,transfer
T0001149,C00099,C00103,6371.18,SEK,2026-03-14 01:52:12,card
T0001150,C00102,C00092,3160.11,SEK,2026-03-14 01:53:23,transfer
T0001151,C00092,C00119,2848.91,SEK,2026-03-14 02:16:55,card
T0001152,C00116,C00080,7005.34,SEK,2026-03-14 02:32:46,transfer
T0001153,C00112,C00055,13013.5,SEK,2026-03-14 02:47:03,transfer
T0001154,C00006,C00002,101215.39,SEK,2026-03-14 03:14:45,card
T0001155,C00057,C00101,15788.95,SEK,2026-03-14 04:09:57,card
T0001156,C00090,C00012,63234.0,SEK,2026-03-14 05:48:03,card
T0001157,C00075,C00027,9168.27,SEK,2026-03-14 06:12:09,transfer
T0001158,C00051,C00005,13925.41,SEK,2026-03-14 08:06:30,transfer
T0001159,C00042,C00031,4251.15,SEK,2026-03-14 08:52:37,transfer
T0001160,C00068,C00008,11680.6,SEK,2026-03-14 09:00:27,transfer
T0001161,C00105,C00095,7822.8,SEK,2026-03-14 09:31:38,card
T0001162,C00084,C00049,2768.51,SEK,2026-03-14 11:08:35,card
T0001163,C00078,C00077,19287.04,SEK,2026-03-14 14:32:46,transfer
T0001164,C00020,C00042,9450.16,SEK,2026-03-14 16:09:35,transfer
T0001165,C00014,C00020,3916.51,SEK,2026-03-14 20:40:35,card
T0001166,C00048,C00012,16372.3,SEK,2026-03-14 21:34:41,transfer
T0001167,C00054,C00029,20926.95,SEK,2026-03-14 23:23:06,transfer
T0001168,C00020,C00042,30132.38,SEK,2026-03-15 01:23:06,card
T0001169,C00069,C00057,31505.23,SEK,2026-03-15 02:40:59,transfer
T0001170,C00119,C00036,17490.89,SEK,2026-03-15 02:54:57,transfer
T0001171,C00014,C00020,3986.69,SEK,2026-03-15 07:37:15,card
T0001172,C00031,C00095,13038.73,SEK,2026-03-15 10:54:41,card
T0001173,C00046,C00105,7473.65,SEK,2026-03-15 11:20:59,transfer
T0001174,C00042,C00041,14278.02,SEK,2026-03-15 11:44:14,transfer
T0001175,C00101,C00004,22325.59,SEK,2026-03-15 16:28:59,transfer
T0001176,C00028,C00049,6483.14,SEK,2026-03-15 16:39:01,transfer
T0001177,C00025,C00098,25652.9,SEK,2026-03-15 18:22:07,transfer
T0001178,C00104,C00096,33106.0,SEK,2026-03-15 21:30:02,transfer
T0001179,C00116,C00080,6143.8,SEK,2026-03-15 21:38:54,transfer
T0001180,C00094,C00105,14655.94,SEK,2026-03-15 21:52:50,transfer
T0001181,C00030,C00118,16049.71,SEK,2026-03-15 22:44:16,transfer
T0001182,C00049,C00025,30690.92,SEK,2026-03-16 07:10:38,transfer
T0001183,C00040,C00056,3096.86,SEK,2026-03-16 08:18:55,card
T0001184,C00052,C00062,14212.67,SEK,2026-03-16 08:35:19,transfer
T0001185,C00080,C00092,7736.32,SEK,2026-03-16 12:32:22,transfer
T0001186,C00077,C00054,31732.93,SEK,2026-03-16 12:49:00,transfer
T0001187,C00025,C00098,14356.15,SEK,2026-03-16 14:34:37,transfer
T0001188,C00012,C00048,36811.22,SEK,2026-03-16 15:51:20,transfer
T0001189,C00099,C00108,4509.77,SEK,2026-03-16 15:55:36,transfer
T0001190,C00072,C00096,11570.45,SEK,2026-03-16 16:04:20,transfer
T0001191,C00089,C00049,7404.87,SEK,2026-03-16 20:24:47,card
T0001192,C00053,C00051,20576.73,SEK,2026-03-16 21:22:52,transfer
T0001193,C00118,C00100,19152.46,SEK,2026-03-17 00:06:33,transfer
T0001194,C00109,C00021,17095.7,SEK,2026-03-17 00:19:02,transfer
T0001195,C00065,C00109,1539.83,SEK,2026-03-17 02:18:14,transfer
T0001196,C00095,C00060,1697.85,SEK,2026-03-17 06:08:30,transfer
T0001197,C00034,C00062,115301.66,SEK,2026-03-17 06:26:26,card
T0001198,C00022,C00054,15163.56,SEK,2026-03-17 07:04:23,transfer
T0001199,C00112,C00014,11564.08,SEK,2026-03-17 07:31:30,transfer
T0001200,C00076,C00115,4393.83,SEK,2026-03-17 07:38:07,transfer
T0001201,C00022,C00016,13412.83,SEK,2026-03-17 08:23:26,transfer
T0001202,C00120,C00026,96598.03,SEK,2026-03-17 09:00:07,transfer
T0001203,C00066,C00069,102942.99,SEK,2026-03-17 12:41:01,transfer
T0001204,C00002,C00069,48380.13,SEK,2026-03-17 17:00:21,transfer
T0001205,C00008,C00039,16431.29,SEK,2026-03-17 17:41:04,transfer
T0001206,C00063,C00044,36417.93,SEK,2026-03-18 01:21:43,transfer
T0001207,C00073,C00064,18534.83,SEK,2026-03-18 03:59:37,transfer
T0001208,C00118,C00100,22717.99,SEK,2026-03-18 07:28:28,transfer
T0001209,C00030,C00097,17006.53,SEK,2026-03-18 11:03:47,transfer
T0001210,C00073,C00027,5995.2,SEK,2026-03-18 11:57:07,transfer
T0001211,C00112,C00055,16951.9,SEK,2026-03-18 12:01:30,transfer
T0001212,C00049,C00051,3585.93,SEK,2026-03-18 14:54:32,transfer
T0001213,C00074,C00107,3596.13,SEK,2026-03-18 15:01:12,transfer
T0001214,C00041,C00023,6241.78,SEK,2026-03-18 15:19:10,transfer
T0001215,C00105,C00095,5662.91,SEK,2026-03-18 17:54:02,transfer
T0001216,C00012,C00066,19885.51,SEK,2026-03-18 18:14:42,transfer
T0001217,C00076,C00115,4618.98,SEK,2026-03-18 18:46:33,card
T0001218,C00012,C00066,14370.92,SEK,2026-03-18 21:20:51,transfer
T0001219,C00100,C00116,59840.7,SEK,2026-03-18 21:51:59,transfer
T0001220,C00053,C00120,15670.74,SEK,2026-03-19 00:31:04,transfer
T0001221,C00009,C00061,12713.24,SEK,2026-03-19 02:02:08,transfer
T0001222,C00063,C00103,9845.27,SEK,2026-03-19 02:34:04,card
T0001223,C00088,C00072,10902.66,SEK,2026-03-19 03:29:58,transfer
T0001224,C00046,C00022,44818.1,SEK,2026-03-19 05:20:33,transfer
T0001225,C00069,C00087,13989.67,SEK,2026-03-19 05:33:09,transfer
T0001226,C00070,C00030,2140.64,SEK,2026-03-19 06:23:54,transfer
T0001227,C00077,C00026,44668.46,SEK,2026-03-19 08:59:55,transfer
T0001228,C00028,C00100,10476.4,SEK,2026-03-19 13:37:43,card
T0001229,C00041,C00023,5614.53,SEK,2026-03-19 14:17:42,transfer
T0001230,C00022,C00016,8453.89,SEK,2026-03-19 16:00:56,transfer
T0001231,C00116,C00076,53965.31,SEK,2026-03-19 17:46:57,transfer
T0001232,C00049,C00101,11627.47,SEK,2026-03-19 18:10:06,transfer
T0001233,C00091,C00061,1798.18,SEK,2026-03-19 18:58:34,transfer
T0001234,C00072,C00025,36887.68,SEK,2026-03-19 21:38:40,transfer
T0001235,C00056,C00107,10509.11,SEK,2026-03-20 00:14:04,transfer
T0001236,C00105,C00017,11082.92,SEK,2026-03-20 02:08:38,transfer
T0001237,C00090,C00107,37420.35,SEK,2026-03-20 05:35:31,transfer
T0001238,C00077,C00029,5732.54,SEK,2026-03-20 07:39:59,transfer
T0001239,C00022,C00016,10812.31,SEK,2026-03-20 08:38:25,transfer
T0001240,C00095,C00009,2065.4,SEK,2026-03-20 09:56:10,transfer
T0001241,C00104,C00024,3654.23,SEK,2026-03-20 10:48:35,transfer
T0001242,C00055,C00020,6958.99,SEK,2026-03-20 11:22:28,card
T0001243,C00049,C00053,9360.84,SEK,2026-03-20 11:44:14,card
T0001244,C00090,C00104,39384.16,SEK,2026-03-20 12:20:02,transfer
T0001245,C00046,C00065,1080.21,SEK,2026-03-20 14:21:31,transfer
T0001246,C00043,C00105,17162.35,SEK,2026-03-20 15:17:18,transfer
T0001247,C00033,C00120,9229.75,SEK,2026-03-20 18:39:53,transfer
T0001248,C00046,C00035,5498.56,SEK,2026-03-20 18:57:17,transfer
T0001249,C00096,C00025,12433.88,SEK,2026-03-20 20:19:12,transfer
T0001250,C00026,C00048,48141.17,SEK,2026-03-20 22:24:27,transfer
T0001251,C00072,C00102,15986.43,SEK,2026-03-21 02:27:24,transfer
T0001252,C00046,C00048,45100.74,SEK,2026-03-21 02:39:16,transfer
T0001253,C00031,C00007,10879.39,SEK,2026-03-21 04:26:37,transfer
T0001254,C00046,C00022,28209.5,SEK,2026-03-21 05:03:15,transfer
T0001255,C00087,C00054,4386.39,SEK,2026-03-21 07:17:21,transfer
T0001256,C00120,C00026,97052.05,SEK,2026-03-21 09:31:47,transfer
T0001257,C00096,C00033,14910.25,SEK,2026-03-21 12:18:19,card
T0001258,C00002,C00063,8757.46,SEK,2026-03-21 12:46:51,transfer
T0001259,C00001,C00096,12461.42,SEK,2026-03-21 13:48:08,card
T0001260,C00119,C00038,9648.97,SEK,2026-03-21 14:18:03,transfer
T0001261,C00037,C00084,5082.98,SEK,2026-03-21 14:55:13,card
T0001262,C00049,C00063,39433.9,SEK,2026-03-21 15:26:16,transfer
T0001263,C00021,C00098,1796.85,SEK,2026-03-21 15:48:10,transfer
T0001264,C00041,C00019,4221.82,SEK,2026-03-21 16:16:49,transfer
T0001265,C00029,C00019,2082.26,SEK,2026-03-21 16:20:27,transfer
T0001266,C00073,C00069,12791.94,SEK,2026-03-21 18:22:17,transfer
T0001267,C00119,C00038,20260.44,SEK,2026-03-21 19:14:51,transfer
T0001268,C00002,C00070,47393.0,SEK,2026-03-21 20:06:30,transfer
T0001269,C00031,C00019,4265.94,SEK,2026-03-21 23:04:04,transfer
T0001270,C00069,C00002,31434.62,SEK,2026-03-21 23:47:54,transfer
T0001271,C00115,C00019,4677.85,SEK,2026-03-21 23:48:32,transfer
T0001272,C00107,C00019,2318.72,SEK,2026-03-22 01:26:41,transfer
T0001273,C00109,C00104,34944.97,SEK,2026-03-22 02:28:56,transfer
T0001274,C00054,C00014,8697.24,SEK,2026-03-22 03:09:37,transfer
T0001275,C00045,C00054,10887.55,SEK,2026-03-22 08:31:56,transfer
T0001276,C00044,C00072,22607.69,SEK,2026-03-22 09:41:18,transfer
T0001277,C00021,C00019,2153.71,SEK,2026-03-22 10:01:45,transfer
T0001278,C00117,C00019,2184.05,SEK,2026-03-22 10:41:04,transfer
T0001279,C00012,C00066,14736.38,SEK,2026-03-22 12:38:51,card
T0001280,C00105,C00019,3516.06,SEK,2026-03-22 14:41:07,transfer
T0001281,C00109,C00019,3847.48,SEK,2026-03-22 14:43:43,transfer
T0001282,C00001,C00019,1591.54,SEK,2026-03-22 17:06:27,transfer
T0001283,C00064,C00019,2662.3,SEK,2026-03-22 18:00:58,transfer
T0001284,C00115,C00058,73899.38,SEK,2026-03-22 18:20:21,card
T0001285,C00081,C00095,4333.51,SEK,2026-03-22 18:41:29,transfer
T0001286,C00016,C00019,5907.4,SEK,2026-03-22 20:52:44,transfer
T0001287,C00008,C00021,101095.31,SEK,2026-03-22 21:02:03,transfer
T0001288,C00081,C00095,2647.06,SEK,2026-03-22 21:20:37,card
T0001289,C00097,C00078,26959.92,SEK,2026-03-22 21:35:01,transfer
T0001290,C00021,C00047,93732.98,SEK,2026-03-22 23:18:21,transfer
T0001291,C00072,C00060,36643.33,SEK,2026-03-23 01:34:14,transfer
T0001292,C00048,C00035,4423.01,SEK,2026-03-23 02:13:27,transfer
T0001293,C00019,C00113,34469.09,SEK,2026-03-23 05:01:34,transfer
T0001294,C00078,C00019,17592.3,SEK,2026-03-23 05:45:34,transfer
T0001295,C00106,C00107,2428.88,SEK,2026-03-23 06:01:30,transfer
T0001296,C00044,C00025,42097.59,SEK,2026-03-23 06:52:34,transfer
T0001297,C00072,C00049,30352.31,SEK,2026-03-23 17:35:48,transfer
T0001298,C00025,C00054,11525.67,SEK,2026-03-23 22:03:59,transfer
T0001299,C00025,C00098,12150.79,SEK,2026-03-24 01:52:47,card
T0001300,C00092,C00104,2714.19,SEK,2026-03-24 04:01:19,transfer
T0001301,C00072,C00025,19498.53,SEK,2026-03-24 05:12:06,transfer
T0001302,C00048,C00095,6332.69,SEK,2026-03-24 05:29:50,transfer
T0001303,C00094,C00105,14843.3,SEK,2026-03-24 08:02:40,card
T0001304,C00049,C00098,42491.66,SEK,2026-03-24 08:17:15,transfer
T0001305,C00008,C00039,8794.83,SEK,2026-03-24 08:18:36,card
T0001306,C00032,C00059,8641.05,SEK,2026-03-24 12:47:21,transfer
T0001307,C00048,C00077,30852.34,SEK,2026-03-24 15:10:44,transfer
T0001308,C00075,C00048,77052.36,SEK,2026-03-24 15:27:52,transfer
T0001309,C00050,C00106,16153.33,SEK,2026-03-24 15:57:59,transfer
T0001310,C00071,C00093,7403.59,SEK,2026-03-24 17:38:37,transfer
T0001311,C00005,C00090,70433.87,SEK,2026-03-24 19:00:03,card
T0001312,C00081,C00041,7464.91,SEK,2026-03-24 19:27:39,transfer
T0001313,C00104,C00109,38752.52,SEK,2026-03-24 20:38:54,transfer
T0001314,C00096,C00057,34680.23,SEK,2026-03-24 21:25:42,transfer
T0001315,C00086,C00011,3549.14,SEK,2026-03-25 00:30:54,card
T0001316,C00048,C00087,73110.97,SEK,2026-03-25 00:33:19,transfer
T0001317,C00077,C00062,7736.1,SEK,2026-03-25 01:51:44,card
T0001318,C00100,C00036,19973.49,SEK,2026-03-25 03:04:23,card
T0001319,C00054,C00022,37800.47,SEK,2026-03-25 03:45:46,transfer
T0001320,C00055,C00020,1696.86,SEK,2026-03-25 07:40:53,transfer
T0001321,C00098,C00043,16329.08,SEK,2026-03-25 09:36:34,card
T0001322,C00052,C00092,10765.67,SEK,2026-03-25 11:01:47,transfer
T0001323,C00100,C00001,22981.59,SEK,2026-03-25 13:17:09,transfer
T0001324,C00008,C00039,10940.68,SEK,2026-03-25 13:42:45,card
T0001325,C00069,C00070,32624.99,SEK,2026-03-25 19:17:05,transfer
T0001326,C00100,C00036,20051.52,SEK,2026-03-25 20:04:19,transfer
T0001327,C00076,C00014,2966.35,SEK,2026-03-25 21:40:14,transfer
T0001328,C00019,C00055,66592.43,SEK,2026-03-25 21:52:08,transfer
T0001329,C00002,C00096,16517.47,SEK,2026-03-26 00:13:19,transfer
T0001330,C00023,C00049,9341.32,SEK,2026-03-26 01:23:23,transfer
T0001331,C00083,C00011,23518.72,SEK,2026-03-26 02:45:11,card
T0001332,C00048,C00026,43314.47,SEK,2026-03-26 04:42:34,transfer
T0001333,C00063,C00042,10785.74,SEK,2026-03-26 06:58:07,transfer
T0001334,C00063,C00098,21303.68,SEK,2026-03-26 08:07:20,transfer
T0001335,C00043,C00026,19114.06,SEK,2026-03-26 08:48:38,transfer
T0001336,C00092,C00119,4169.21,SEK,2026-03-26 09:59:02,transfer
T0001337,C00085,C00014,8096.1,SEK,2026-03-26 10:12:34,transfer
T0001338,C00010,C00041,91129.52,SEK,2026-03-26 10:42:17,card
T0001339,C00003,C00007,6314.17,SEK,2026-03-26 11:15:57,card
T0001340,C00079,C00004,14185.33,SEK,2026-03-26 13:11:38,transfer
T0001341,C00022,C00120,10546.89,SEK,2026-03-26 16:55:17,transfer
T0001342,C00063,C00029,14134.12,SEK,2026-03-27 01:12:38,transfer
T0001343,C00073,C00027,11180.66,SEK,2026-03-27 04:50:15,transfer
T0001344,C00062,C00050,9604.94,SEK,2026-03-27 07:55:54,card
T0001345,C00110,C00084,909.64,SEK,2026-03-27 09:46:45,transfer
T0001346,C00118,C00108,17931.47,SEK,2026-03-27 10:45:55,transfer
T0001347,C00042,C00063,85578.69,SEK,2026-03-27 16:35:19,transfer
T0001348,C00046,C00077,38799.28,SEK,2026-03-27 19:57:47,transfer
T0001349,C00104,C00002,32950.75,SEK,2026-03-27 20:25:11,transfer
T0001350,C00067,C00092,41219.32,SEK,2026-03-27 20:26:48,card
T0001351,C00081,C00115,5126.75,SEK,2026-03-28 01:36:43,transfer
T0001352,C00038,C00064,110919.15,SEK,2026-03-28 02:32:35,transfer
T0001353,C00097,C00117,14141.28,SEK,2026-03-28 02:37:13,transfer
T0001354,C00096,C00025,11929.68,SEK,2026-03-28 02:38:19,transfer
T0001355,C00075,C00048,74122.95,SEK,2026-03-28 04:16:42,transfer
T0001356,C00117,C00025,21796.5,SEK,2026-03-28 05:25:06,transfer
T0001357,C00063,C00005,81121.97,SEK,2026-03-28 05:43:28,transfer
T0001358,C00048,C00087,68091.52,SEK,2026-03-28 06:17:54,transfer
T0001359,C00049,C00044,21525.86,SEK,2026-03-28 13:50:54,transfer
T0001360,C00038,C00010,90118.16,SEK,2026-03-28 13:58:07,card
T0001361,C00046,C00035,5618.36,SEK,2026-03-28 16:22:57,transfer
T0001362,C00074,C00106,12660.72,SEK,2026-03-28 18:54:54,card
T0001363,C00049,C00098,33126.76,SEK,2026-03-29 00:21:50,transfer
T0001364,C00080,C00008,1859.3,SEK,2026-03-29 02:21:14,transfer
T0001365,C00022,C00048,35165.73,SEK,2026-03-29 03:47:05,transfer
T0001366,C00026,C00108,1195.61,SEK,2026-03-29 04:28:03,transfer
T0001367,C00012,C00022,42810.83,SEK,2026-03-29 06:45:49,transfer
T0001368,C00039,C00083,8370.73,SEK,2026-03-29 06:47:44,transfer
T0001369,C00066,C00031,56554.68,SEK,2026-03-29 06:56:38,transfer
T0001370,C00119,C00038,15368.41,SEK,2026-03-29 07:23:21,transfer
T0001371,C00048,C00077,39914.63,SEK,2026-03-29 07:34:48,transfer
T0001372,C00045,C00097,7057.91,SEK,2026-03-29 08:23:57,transfer
T0001373,C00096,C00025,10282.05,SEK,2026-03-29 09:29:34,transfer
T0001374,C00104,C00057,38042.16,SEK,2026-03-29 09:48:07,transfer
T0001375,C00052,C00104,9127.05,SEK,2026-03-29 10:41:03,transfer
T0001376,C00068,C00003,10355.34,SEK,2026-03-29 13:42:39,transfer
T0001377,C00036,C00053,4610.52,SEK,2026-03-29 16:07:02,transfer
T0001378,C00080,C00092,12964.78,SEK,2026-03-29 17:51:46,transfer
T0001379,C00016,C00092,109907.94,SEK,2026-03-29 17:59:25,transfer
T0001380,C00003,C00100,10229.75,SEK,2026-03-29 19:10:50,transfer
T0001381,C00054,C00029,19693.49,SEK,2026-03-29 23:48:29,transfer
T0001382,C00044,C00049,23772.68,SEK,2026-03-30 00:05:17,transfer
T0001383,C00072,C00104,15397.84,SEK,2026-03-30 01:42:36,card
T0001384,C00107,C00112,1404.07,SEK,2026-03-30 02:28:30,transfer
T0001385,C00037,C00087,5707.22,SEK,2026-03-30 03:18:27,transfer
T0001386,C00022,C00046,17972.02,SEK,2026-03-30 03:36:31,transfer
T0001387,C00038,C00027,130177.39,SEK,2026-03-30 05:16:05,transfer
T0001388,C00112,C00021,11962.8,SEK,2026-03-30 06:45:40,card
T0001389,C00048,C00035,4933.62,SEK,2026-03-30 07:42:17,card
T0001390,C00072,C00044,16609.27,SEK,2026-03-30 08:55:01,transfer
T0001391,C00051,C00005,5483.19,SEK,2026-03-30 09:54:02,transfer
T0001392,C00109,C00070,29882.86,SEK,2026-03-30 10:13:51,transfer
T0001393,C00119,C00035,16656.74,SEK,2026-03-30 12:57:24,transfer
T0001394,C00025,C00098,37540.18,SEK,2026-03-30 15:07:08,transfer
T0001395,C00044,C00072,35938.08,SEK,2026-03-30 17:11:21,transfer
T0001396,C00046,C00077,30371.78,SEK,2026-03-30 17:55:08,transfer
T0001397,C00004,C00078,2383.81,SEK,2026-03-30 18:03:26,transfer
T0001398,C00083,C00024,13586.0,SEK,2026-03-30 20:22:08,transfer
T0001399,C00029,C00105,8767.82,SEK,2026-03-30 21:01:21,transfer
T0001400,C00070,C00109,46774.6,SEK,2026-03-30 21:50:32,transfer
T0001401,C00096,C00057,32941.51,SEK,2026-03-31 00:02:21,transfer
T0001402,C00110,C00084,1646.4,SEK,2026-03-31 01:58:56,transfer
T0001403,C00087,C00045,4122.98,SEK,2026-03-31 03:37:43,card
T0001404,C00087,C00045,4382.53,SEK,2026-03-31 03:47:11,card
T0001405,C00024,C00098,12464.81,SEK,2026-03-31 04:36:18,card
T0001406,C00044,C00097,8700.92,SEK,2026-03-31 07:06:51,transfer
T0001407,C00014,C00020,2406.51,SEK,2026-03-31 11:32:14,transfer
T0001408,C00052,C00104,7037.97,SEK,2026-03-31 12:39:26,card
T0001409,C00114,C00027,33573.77,SEK,2026-03-31 14:24:55,transfer
T0001410,C00044,C00097,1775.13,SEK,2026-03-31 16:43:39,card
T0001411,C00082,C00011,1823.93,SEK,2026-03-31 18:58:14,card
T0001412,C00064,C00077,11782.03,SEK,2026-03-31 19:02:38,card
T0001413,C00036,C00040,21303.37,SEK,2026-03-31 19:55:00,card
T0001414,C00001,C00096,10644.16,SEK,2026-03-31 23:43:38,transfer
